,Tumor cE01 (StemTA-like),Tumor cE02 (StemTA-likeImmature Goblet),Tumor cE03 (StemTA-like prolif),Tumor cE05 (Enterocyte 2),Tumor cE06 (Immature Goblet)
bioplanet_1529_Endosomal/vacuolar pathway,4.381969402355784,4.027265119765818,3.3414479349093558,3.27661519454851,2.1273615209680443
GAVISH_3CA_MALIGNANT_METAPROGRAM_17_INTERFERON_MHC_II_1,5.21510798728087,6.013377897070232,5.524599378617915,5.182143284057287,6.280919987321016
bioplanet_1105_Chemiosmotic coupling formation of ATP,3.101257507271927,2.2715801882515003,2.1816720247215717,0.976555869314408,0.26979988479302325
bioplanet_1537_Folding of actin by CCT/TriC,4.1762714573817155,3.285120722651041,3.841071341830826,2.0694929995769065,1.2391367346791116
GAVISH_3CA_METAPROGRAM_B_CELLS_METABOLISM_MYC,3.231309298706947,1.576690585914829,1.7467492880716662,0.5937155598408055,3.2030548519080413
bioplanet_321_Bystander B cell activation,3.588189196982651,4.7717637257679835,4.440547393817232,4.697512642659842,6.367533895088397
GAVISH_3CA_MALIGNANT_METAPROGRAM_14_EMT_3,1.9868648227128383,1.6329335844151462,2.1083609257981117,0.515968624661778,1.070525490302325
"bioplanet_801_Respiratory electron transport, ATP biosynthesis by chemiosmotic coupling, and heat production by uncoupling proteins",2.365280386480984,1.8850988420367838,1.9121429390787759,0.5188713201466878,0.2891663494444016
bioplanet_211_Eosinophils in the chemokine network of allergy,3.5883902085445536,4.746210078407173,4.45126760432754,4.76818358751231,6.902443473686673
GAVISH_3CA_METAPROGRAM_EPITHELIAL_PDAC_RELATED_2,1.9787560757572122,2.3107199239469614,1.5448801929913067,1.6884018372026726,2.8460218581169556
GAVISH_3CA_MALIGNANT_METAPROGRAM_30_PDAC_CLASSICAL,1.3943486023866027,0.5329166539298482,0.9074879847133456,2.1339000413753,1.9028843724220634
GAVISH_3CA_METAPROGRAM_EPITHELIAL_EPI4,2.6864118319325843,2.4501176515825738,1.7953026307662128,2.2191509439661425,2.125531593092304
GAVISH_3CA_METAPROGRAM_FIBROBLASTS_INTERFERON,2.923047543967428,4.120940763220796,3.349600834320248,3.347834692651059,3.8762554131520397
bioplanet_333_Salmonella infection,2.704358287534219,2.65707914510896,2.3834567861562337,0.8576132160025495,0.6115896508504417
bioplanet_424_Electron transport reaction in mitochondria,2.1814226592401806,1.2922128591021858,2.4826427348182207,1.167381388559094,1.3448473829412804
bioplanet_303_Allograft rejection,2.9978981710063373,4.994787514725955,4.090757879387252,3.808436450149545,3.947347188471306
GAVISH_3CA_METAPROGRAM_B_CELLS_RESPIRATION,2.8356915010425987,1.7802841851984932,1.8202843222857097,1.008757667271844,0.46414144772045063
GAVISH_3CA_METAPROGRAM_B_CELLS_INTERFERON,2.4616149464379795,4.01149684030276,2.775306297398139,2.779464555919634,3.5665840944075202
bioplanet_41_Basic mechanisms of SUMOylation,2.555329421377318,2.6834474631840743,2.980819023496567,2.644511650563218,0.6161544270214903
GAVISH_3CA_METAPROGRAM_MACROPHAGES_INTERFERON,2.653816451163636,3.8167898199668513,2.9361762936675664,3.1059428713626933,3.374951785033092
bioplanet_1276_Proteasome complex,2.554461725157448,1.920721855727034,2.049511264571077,0.43179261930354307,2.920951894108581
GAVISH_3CA_METAPROGRAM_EPITHELIAL_STRESS,1.9107092851560035,1.9236814843762653,1.4818893464568408,1.7805940939688336,2.024575153829852
GAVISH_3CA_MALIGNANT_METAPROGRAM_20_MYC,2.275902905679181,1.522630545577012,1.9403151729913333,1.2321181469514675,1.1613700789091315
GAVISH_3CA_METAPROGRAM_ENDOTHELIAL_INTERFERON,2.412120423187588,3.8899673851809626,2.86714806518247,2.971800142204489,3.487750085834903
GAVISH_3CA_METAPROGRAM_CD8_T_CELLS_INTERFERON,2.208990127266505,3.6578322344753085,2.51323309183686,2.5045701396790108,3.4317354546864305
GAVISH_3CA_METAPROGRAM_EPITHELIAL_INTERFERON_MHC,2.470152749665922,3.2672732176214225,2.7287510995486706,3.169659581105765,4.723891933718371
GAVISH_3CA_METAPROGRAM_MACROPHAGES_STRESS_HSP,1.8470178526316772,2.086697637952143,1.1685325319871693,3.243342802571167,1.5840725204958415
GAVISH_3CA_MALIGNANT_METAPROGRAM_8_PROTEASOMAL_DEGRADATION,2.418863416233701,2.029846392665274,2.2674063117957424,0.6268617213781091,2.6934587254841427
GAVISH_3CA_MALIGNANT_METAPROGRAM_10_PROTEIN_MATURATION,2.030997681293663,2.7395856442979034,1.7317502297466787,1.8188409889682802,1.9309766026164021
bioplanet_167_Eukaryotic protein translation,2.712598558706641,1.4488846500236134,1.966718017451421,2.8203636595896238,1.1670748070126409
GAVISH_3CA_METAPROGRAM_CD8_T_CELLS_GLYCOLYSIS_MYC,2.267971225668056,2.0953393292735583,1.5742794102551598,0.5723822480415406,1.8938575388475705
GAVISH_3CA_MALIGNANT_METAPROGRAM_21_RESPIRATION,2.2743842445393314,1.6453737795389471,1.5095126562816026,0.6722674235794169,1.2449928218019555
GAVISH_3CA_METAPROGRAM_CD4_T_CELLS_GLYCOLYSIS_MYC,2.4552281606095048,2.0104646529747994,1.859627013681211,0.2827270429706087,1.7450954053171424
bioplanet_250_Spliceosomal assembly,2.5722585262633033,2.241852605663892,2.095026727134144,1.7369862401190543,2.0999749523305247
bioplanet_1059_Electron transport chain,1.8256158105881586,1.6650643150072486,1.4579973468305651,0.6569740371661347,0.2554092076388838
bioplanet_304_Graft-versus-host disease,2.7715016757704083,4.523131691151946,3.6960327172464438,3.491022939989291,3.616218042170558
bioplanet_1102_Tricarboxylic acid (TCA) cycle and respiratory electron transport,1.8051783116892735,1.659469397378423,1.4595726224599301,0.8432852115696452,0.2708957195065352
bioplanet_300_Asthma,2.817392224906848,2.6870153643820642,3.242449532604776,,4.887810662991605
GAVISH_3CA_METAPROGRAM_CD8_T_CELLS_UNASSIGNED_2,1.959010298995425,1.553873692477769,1.305105175997803,1.1749636775389911,1.8737528243437294
GAVISH_3CA_MALIGNANT_METAPROGRAM_11_TRANSLATION_INITIATION,1.777902144937291,2.5332542635530975,1.7492622444319204,,1.4196014124017688
GAVISH_3CA_METAPROGRAM_MACROPHAGES_MYC_MITOCHONDRIA,2.100784232027532,1.5133493926775925,1.7298970034709902,0.6232511518885034,1.2340539969382462
bioplanet_8_PI3K subunit p85 role in regulation of actin organization and cell migration,2.0807085768660114,1.8239604266203682,1.8658041758948332,0.9386387242951969,0.37133949178845416
GAVISH_3CA_MALIGNANT_METAPROGRAM_3_CELL_CYLCE_HMG_RICH,2.2206184490976857,1.5267015215345225,1.622629112132561,1.2201337947405928,0.7301773669051691
GAVISH_3CA_MALIGNANT_METAPROGRAM_5_STRESS,1.6755574736287222,1.4182359174419479,1.1882676961607943,1.8632311866010396,1.6327290723869392
bioplanet_243_Internal ribosome entry pathway,1.3970078709385239,1.2972782268585987,1.041704249083646,2.454888743480071,0.29977417239610066
bioplanet_464_Antigen processing and presentation,2.568751957809793,2.5168072081693937,2.7235701441815965,3.1334210358775514,2.072592965675743
bioplanet_322_B lymphocyte cell surface molecules,2.843120817156159,3.7537422775797697,3.418702454982817,3.7262630406525603,5.315480261483575
bioplanet_298_Type 1 diabetes mellitus,2.6211889120503895,4.584715043415291,3.6207010876186168,3.093480717137055,3.4218804898119264
bioplanet_879_Proteasome degradation,2.176017239888137,2.501726528836238,1.9621755691055731,1.8471576360114748,1.5393092813240374
bioplanet_1509_Cooperation of prefoldin and TriC/CCT  in actin and tubulin folding,2.4047396018751166,2.6777141498252686,2.422411562404289,1.467673423228268,0.7499965017970132
GAVISH_3CA_METAPROGRAM_EPITHELIAL_PDAC_RELATED_1,1.935194757611514,2.096900891283613,2.095323317512542,3.2914916464464143,4.004684555365771
GAVISH_3CA_METAPROGRAM_CD4_T_CELLS_UNASSIGNED,1.7091243193124408,1.5669951021262305,1.3941873071599675,1.0770075291915984,1.2497127974009246
GAVISH_3CA_METAPROGRAM_CD4_T_CELLS_INTERFERON,1.7915398235484348,3.1398161822886803,2.0553986976962775,2.04878104645588,2.8559962704041078
GAVISH_3CA_METAPROGRAM_EPITHELIAL_EPI_2,1.5487236346522704,1.0666199804240177,0.9267305413271592,2.809484814642526,1.2303480004273317
bioplanet_995_Type I hemidesmosome assembly,1.8504590013408857,0.8377229002337762,1.3415382251446646,0.5031530500312426,0.15208982299592844
GAVISH_3CA_MALIGNANT_METAPROGRAM_9_UNFOLDED_PROTEIN_RESPONSE,1.8488100271877705,0.44451637608156663,1.8230898990767979,0.26939894193019004,0.203497005000622
bioplanet_1194_Integration of provirus,1.7558246396230313,0.5465099727544392,0.7167027971721703,2.1626082342531605,1.07180317226829
bioplanet_1170_SLBP-dependent processing of replication-dependent histone pre-mRNAs,2.3527110685138988,1.6250308891136553,1.6748039795378453,0.8593473136541043,1.2293373890032178
bioplanet_564_PD-1 signaling,2.498756084857052,2.517787249276062,2.7680573390907806,,4.072224375322993
GAVISH_3CA_METAPROGRAM_MACROPHAGES_UNFOLDED_PROTEIN_RESPONSE,1.996917450296366,2.08776988825619,2.259665145576999,0.828889342758556,0.8086094120128885
GAVISH_3CA_METAPROGRAM_FIBROBLASTS_STRESS,1.6720331083683644,1.4225685558827215,1.4187370104852288,1.7037355198810125,1.9380154813056578
GAVISH_3CA_MALIGNANT_METAPROGRAM_40_PDAC_RELATED,1.6250673391262322,1.8743383257580624,1.2090929561599941,0.5840100629406559,3.0891803431092315
bioplanet_316_Parkinson's disease,1.4555965540651064,1.5593810441666767,1.2130042436653057,1.0447727466722596,0.26180278345554936
GAVISH_3CA_METAPROGRAM_ENDOTHELIAL_STRESS,0.9811708652299361,0.8167034370122949,0.6648501880218662,1.8527718195369032,1.7199948394690858
GAVISH_3CA_METAPROGRAM_EPITHELIAL_MYC,1.276230835994618,1.7130098890545165,1.1513339491220935,,1.697310070178204
GAVISH_3CA_MALIGNANT_METAPROGRAM_METAPROGRAM_6_HYPOXIA,3.019062327928795,4.217670434061464,3.0384842521626143,1.4568034923378665,2.60106500166209
bioplanet_1452_Antigen processing: cross presentation,2.0432412348659765,2.22532147182112,1.9868445158638866,2.2246345746453056,1.3568640912918353
bioplanet_50_Lck and Fyn tyrosine kinases in initiation of T cell receptor activation,2.5365850653024253,3.316489101117936,2.9545512206340794,3.426684565787123,4.294064779562816
GAVISH_3CA_METAPROGRAM_B_CELLS_MHC_II,1.8853403481559798,2.126022654857775,2.054620985165553,2.2598650382584475,3.498736261755439
"bioplanet_1157_Activation of mRNA upon binding of the cap-binding complex and eIFs, and subsequent binding to 43S",1.8159289436342145,1.7792184378566467,1.697938722165012,3.235493665150513,2.6869426397183065
GAVISH_3CA_MALIGNANT_METAPROGRAM_19_EPITHELIAL_SENESCENCE,1.3335350452485453,0.4552015908936858,0.7456832545052073,1.3694708689394628,0.8015961087358756
bioplanet_376_Oxidative phosphorylation,1.465209102043569,1.5517282647700676,1.0388533355294332,0.42868901731220366,0.29235414060391407
GAVISH_3CA_METAPROGRAM_CD8_T_CELLS_HEAT_SHOCK,1.49299804031476,2.1325997045665632,1.3285522142950668,3.305951721934373,0.3939188674024591
bioplanet_45_Y branching of actin filaments,1.7273472863962915,2.1022297136367265,1.7269038669317536,1.5490109072064695,0.23507641298076945
GAVISH_3CA_METAPROGRAM_B_CELLS_HSP_STRESS,1.7831995364530944,2.102614773366174,1.1106347465573858,2.7948816994901007,0.42827059012917634
bioplanet_1482_Mitochondrial beta-oxidation of saturated fatty acids,2.573870734000458,1.0930703055199997,2.5105354094157515,1.2708395553462841,1.497506773383944
bioplanet_1764_Arachidonate epoxygenase/epoxide hydrolase pathway,0.8669525786280109,0.9799760746168902,0.591433540079484,0.9008301548402361,1.5056418602516766
bioplanet_1481_Endothelial NOS activation,1.2347974836913702,0.4900884166865925,0.9340639093208422,2.4194505410129463,0.5089051129952046
bioplanet_301_Autoimmune thyroid disease,2.346840091096677,3.621838602355546,2.975981942519785,2.8153901787252646,3.07995169942033
GAVISH_3CA_METAPROGRAM_EPITHELIAL_SECRETED,1.2718057355966361,0.9140509246122952,1.3010814961637507,2.5143420125719893,0.3266079104074859
GAVISH_3CA_MALIGNANT_METAPROGRAM_18_INTERFERON_MHC_II_2,1.9003764136038284,2.114553197278469,2.041360900222368,2.45841360393655,1.0851580037705209
GAVISH_3CA_METAPROGRAM_CD4_T_CELLS_STRESS_HSP,1.6570628585482394,1.9235580892718838,0.9524894394193609,2.6153481237112928,0.45288150749602213
HALLMARK_INTERFERON_ALPHA_RESPONSE,1.8394051822914428,2.717588110413108,2.053068528608792,2.5117728189470037,2.7595557207987884
bioplanet_1564_Activation of chaperones by ATF6 alpha,1.4756011610956479,0.5007096891125963,1.3506188208114902,0.8153964468141556,0.2990270965353466
HALLMARK_MYC_TARGETS_V1,1.8455576412998853,1.381747704439735,1.4589106223827224,1.903779667953621,1.432680984279748
bioplanet_1605_Nef-mediated downregulation of MHC class I complex cell surface expression,2.2210422300064656,4.6347452929886925,3.1338889133011985,3.316952672386296,3.7454702436183984
bioplanet_883_Ubiquitin-mediated degradation of phosphorylated Cdc25A,1.4272029518154368,1.7888667798614852,1.5228258681711342,0.5119863871767963,2.012284815784119
GAVISH_3CA_METAPROGRAM_MACROPHAGES_MES_GLYCOLYSIS,2.3479891040758503,2.342451503371255,2.2824084870003025,1.6784580237077826,1.3849763222007263
bioplanet_2_Mu-calpain pathway,0.851012980319329,0.6523845599606204,1.0968412178018476,0.5689449972466468,0.19739809065233668
bioplanet_1698_Translation factors,1.7676906850414382,1.727243247082193,1.4571123167397262,2.072627776333661,1.795557475049507
bioplanet_1609_Neurotransmitter clearance in the synaptic cleft,0.6290755369402272,0.38267915478583325,0.30947784623915287,0.5279872191457711,0.344193208899035
bioplanet_1159_Destabilization of mRNA by AUF1 (hnRNP D0),1.3995105448369631,1.4109035947929534,1.5064142249016013,1.526417554152273,2.1657424957573963
bioplanet_1150_Binding of RNA by insulin-like growth factor 2 mRNA binding proteins (IGF2BPs/IMPs/VICKZs),1.218643045022084,0.6185666991979134,1.3690925839438246,,
bioplanet_1254_MEK activation,0.7794520288741511,0.7679022331318537,0.8192294888543483,1.7108671725782478,0.4172833196322139
GAVISH_3CA_METAPROGRAM_B_CELLS_PLASMA,1.2701635437445054,0.10502718055051317,1.186119780848361,2.3071220860818893,0.43869771674650615
bioplanet_474_Intestinal immune network for IgA production,2.346065543406722,2.7456337938769235,2.5393300427303087,,2.4946598786043572
bioplanet_913_eIF4E release,1.2085700645026507,0.6021333639017119,0.7954306152996247,,0.8905503792236787
GAVISH_3CA_METAPROGRAM_EPITHELIAL_COLON_RELATED,1.5162866024000636,0.6511434267232332,1.9056880941194134,0.7213308090398401,1.3229036641375818
bioplanet_1701_Phase I of biological oxidations: non-cytochrome P450 enzymes,1.1789078770463306,2.1668999708168926,1.6755910592461027,0.8114976991827613,0.4781478191646745
bioplanet_1457_Telomere extension by telomerase,2.1395163203241077,2.5308581424697354,2.2061018123327734,,1.8869755561921178
GAVISH_3CA_METAPROGRAM_EPITHELIAL_PDAC_RELATED_3,0.8831432224402567,0.47971398083251876,1.1442991387706225,0.6019695708127509,0.7362655382032576
bioplanet_898_Generation of second messenger molecules,2.1568846200618172,2.5164720258388975,2.379959364624728,,3.2658891379928137
bioplanet_1597_N-glycan trimming in the ER and calnexin/calreticulin cycle,1.2524287577895177,0.4006862364413253,1.263981019585257,1.394860571800552,0.262477443700471
GAVISH_3CA_METAPROGRAM_MACROPHAGES_RESPIRATION,0.9831789460689345,0.5229965837688368,0.7064377619621405,0.21612737029055107,0.40798352081058725
GAVISH_3CA_METAPROGRAM_ENDOTHELIAL_HEV_1,1.9330193366933326,2.3281695217744764,2.2151233011250735,2.124536960006819,4.351503866581014
bioplanet_690_NF-kappaB activation,0.3719120721492722,0.28158933241048417,0.5491809379286516,0.3084593747456124,0.7434516360807314
bioplanet_1404_Cap-dependent translation initiation,1.5341226736662095,1.6844482502514964,1.5781811353117938,3.2512279477275876,2.7073896729631266
bioplanet_686_Interferon alpha/beta signaling,1.3251007625314866,2.494200671841791,1.8663268512457512,2.3505864545019177,2.1245332852027303
bioplanet_1324_Arf6 vesicle-mediated transport,0.9246685803442326,0.5244554006182017,0.6661339230315678,0.24534332800813385,0.557123783914729
bioplanet_875_Autodegradation of Cdh1 by Cdh1-APC/C,1.3028699301049502,1.7830244941116709,1.4860758142828074,0.537194944696134,1.947374166404502
GAVISH_3CA_METAPROGRAM_CD8_T_CELLS_MEMORY_NAIVE_1,0.6335278248451623,0.4644637937262639,0.2150915454477171,2.5379066485201816,1.6817312128001025
bioplanet_262_Protein export,1.3892766991293526,1.0539394436146576,1.2724021049879988,0.14938706446299438,0.24918218500761724
GAVISH_3CA_MALIGNANT_METAPROGRAM_23_SECRETED_2,1.1362914165134965,0.9463649788584149,1.1754842432098822,2.582436439677828,0.3806505096652219
GAVISH_3CA_METAPROGRAM_FIBROBLASTS_CAF_6,1.241001147214852,0.4327584208124709,1.133117229197551,0.5521041405002638,0.2890786771714678
GAVISH_3CA_METAPROGRAM_EPITHELIAL_EMT_LIKE_2,1.0160001886967256,1.324106187434638,1.2084477927122674,1.010018371903798,1.9295567196943553
GAVISH_3CA_METAPROGRAM_EPITHELIAL_ALVEOLAR,1.8902652505409108,2.3751761729559506,2.1876452150523797,3.6880900263394687,3.5983316546219073
bioplanet_1483_Mitochondrial beta-oxidation of unsaturated fatty acids,1.577145502359421,0.9146835635077512,1.3749120397497177,2.3747378206979772,1.2795040876361994
GAVISH_3CA_METAPROGRAM_EPITHELIAL_RESPIRATION,0.9747296333871655,0.8826705509553474,0.6034821382919715,1.2503241195137536,1.1481158739864883
bioplanet_788_Viral messenger RNA biosynthesis,1.5092791392369749,1.0931916892782585,1.7296016452638758,1.2923441556940845,1.3926401302180567
bioplanet_874_Degradation of cysteine and homocysteine,2.6492357908606468,1.1856059496034332,2.819808001172341,1.5330209421170036,0.5675521766891091
bioplanet_640_Alpha-4 beta-7 integrin signaling,0.7622531877569146,1.6418033555470615,1.2100730471964607,0.2958764452783881,0.596216292324554
bioplanet_1408_Licensing factor removal from origins,1.2145737189518528,1.6662690663982724,1.5445798281668432,1.0973685726659415,2.3196223180023687
GAVISH_3CA_METAPROGRAM_FIBROBLASTS_METAL_RESPONSE,1.3925341268715754,0.5862606596844689,1.5975941673443212,2.2428970657442107,0.6945374406628566
bioplanet_29_TSP1-induced apoptosis in microvascular endothelial cell,0.6530114632200488,1.8647084498960738,0.5642510300853298,2.42600805139509,0.8164862599414789
bioplanet_327_SARS coronavirus protease,1.0765417418232093,1.8336266909769563,0.6007877120528508,1.3405036720086823,0.8677727016044412
bioplanet_907_Activation of NF-kappaB in B cells,1.221476740555161,1.6201819017577785,1.3912139154976333,0.8101816869315426,2.0502236056751655
GAVISH_3CA_METAPROGRAM_EPITHELIAL_ANDROGEN_PROSTATE,1.7262309061926875,0.6816267458087197,1.8847782889582838,0.9160234289424054,0.25672125901244613
HALLMARK_OXIDATIVE_PHOSPHORYLATION,1.0465569789761437,1.3362998449976915,0.8825493814222568,1.4818240503541165,0.6238878734286615
bioplanet_1116_Cyclin A-Cdk2-associated events at S phase entry,1.0452476108453594,1.2843357001234612,1.1652795793106148,1.0329537475962676,1.8036861258578702
bioplanet_1135_Messenger RNA splicing: minor pathway,1.8491795382952927,1.2395813275353553,1.2528282144901906,1.6990051847348173,1.7793679662663604
bioplanet_318_Huntington's disease,1.0272934342216224,1.2240850104445722,0.7843743162873831,0.563380569641237,0.3004702914068691
bioplanet_873_Degradation of beta-catenin by the destruction complex,1.1178329750778095,1.4722066204734576,1.2483461803956841,1.031353290778159,1.8755399360561418
GAVISH_3CA_METAPROGRAM_MACROPHAGES_PROTEASOMAL_DEGRADATION,1.1550334077676554,0.7290287498300771,1.1815503714086262,0.2892653054108318,1.3635383574854238
bioplanet_1003_Apoptotic cleavage of cell adhesion  proteins,1.3390642707868634,0.5797995400399196,1.6417899403502532,0.2217477133882555,0.2849935459645139
bioplanet_1151_mRNA stability regulation by proteins that bind AU-rich elements,0.8508190052443645,0.8015011657087203,0.8998262591117167,0.2156011956273622,0.9905015117223346
bioplanet_315_Alzheimer's disease,0.9486363713191911,0.9808914413120785,0.724859972831828,0.9931622612663571,0.2545571009748095
bioplanet_296_Viral myocarditis,1.5669597912646216,2.2682181377669655,1.946307027722322,1.7298428790027074,2.667873165703404
bioplanet_955_Glycolysis,2.1893849723863483,2.9781154593865438,2.2515964109725877,1.4788873512533032,3.688657177333298
GAVISH_3CA_METAPROGRAM_B_CELLS_STRESS,0.4692196615506182,1.7025982802432962,0.5075241198686335,1.6178670821405017,2.2459970532028968
GAVISH_3CA_METAPROGRAM_CD4_T_CELLS_NAIVE_1,0.39795365464071336,1.002507215877958,0.3313957394449441,2.1818186051513617,1.937850965585851
bioplanet_1641_Recycling of eIF2-GDP complex,1.2858527475429686,0.7509556653724465,1.0792898999450689,,1.431978193083153
bioplanet_920_Sema4D-mediated inhibition of cell attachment and migration,0.6236564406358055,0.6015293887835006,0.5956150515630978,0.3598673464414054,0.345544065764983
bioplanet_1471_Translation,1.4529932801573389,1.415412011295549,1.4007002982048073,2.8330457559804887,2.2060120301054154
GAVISH_3CA_MALIGNANT_METAPROGRAM_7_STRESS_IN_VITRO,0.8004436080263391,1.7715670454341892,0.9188977010013538,,0.7471685885625886
bioplanet_38_Proepithelin conversion to epithelin and wound repair control,0.6731831181183476,0.3814880777596086,0.44840147039916317,0.8923322968583212,0.8456344419519797
bioplanet_728_Advanced glycosylation endproduct receptor signaling,0.690055292824745,0.6576989353625252,0.6874978443748052,2.193945559676237,0.3043669034574095
bioplanet_1066_COPI-mediated vesicle transport,0.7137845342152435,0.17479183894389597,0.735356114762601,1.4212232840177275,0.28763296013206907
bioplanet_1427_Interleukin-6 regulation of target genes,0.7760831745779286,1.4135791821700252,0.783736778044728,,0.5054286390980194
GAVISH_3CA_METAPROGRAM_EPITHELIAL_EPI_1,0.6980191211718846,0.22785293965234507,0.5540329855151546,0.992668149966385,0.9861297466832154
bioplanet_777_Cholesterol biosynthesis,1.8343984273755793,0.40124025356067994,1.3529858509688573,,0.4634164330450864
bioplanet_826_Creatine metabolism,1.477388598714684,1.3182602940548007,1.3818800723281723,2.9910506537006007,1.117029295521664
bioplanet_166_eIF2 regulation,1.8357797010896524,1.0853949869074964,1.7412540886383248,2.9303145016605945,1.2105182019700802
bioplanet_1614_Activation of the AP-1 family of transcription factors,0.35126100560823403,0.8960152594994476,0.4771255706618083,2.379595519239642,0.7988396359189014
GAVISH_3CA_METAPROGRAM_FIBROBLASTS_HYPOXIA,1.9262825904152185,2.2532625340769905,1.8577099169448479,1.0510072429042,1.6090415912034193
bioplanet_880_Gap junction degradation,0.6620252968742341,0.34104277164896823,0.7046941933517595,0.9469854134901992,0.1975638965887427
bioplanet_1032_Assembly of HIV virion,0.65910079542922,,0.5914976879642547,1.5411990750158249,0.33424641766013274
bioplanet_256_SREBP control of lipid biosynthesis,2.591320968271668,1.4294900837153695,2.128133051832852,0.17498943919352428,0.2631095771297864
GAVISH_3CA_METAPROGRAM_EPITHELIAL_EMT_LIKE_1,1.6967758070999928,1.6081496716498802,1.8251443526860516,1.060007493511033,0.674536237826771
bioplanet_391_Fatty acid elongation in mitochondria,1.8340503278443712,1.3210959035610088,1.6587544558198792,1.320133571897784,2.0179390666487786
bioplanet_80_Calcium/calmodulin-dependent protein kinase activation,0.7713306568155566,0.4256685886099265,1.0766125991822972,1.00947851948956,2.0045359965033795
bioplanet_433_Rab GTPases mark targets in the endocytotic machinery,0.8065633724658793,0.6202958521292871,0.9806322359643849,0.45253612023156103,0.7051395087684456
bioplanet_1283_Hypoxia-inducible factor in the cardivascular system,0.5919542099853128,0.5363003768784832,0.3075869323729992,1.1863036672174285,0.5767396270959971
bioplanet_696_Downregulation of ERBB4 signaling,0.7809897125418415,,0.8632202756632521,1.454128650144091,0.5705906772350827
bioplanet_881_APC/C-mediated degradation of cell cycle proteins,0.80300667251297,1.2247142126701593,1.106815866139558,0.4633414607120149,1.5208837970814033
bioplanet_1011_Apoptosis regulation,0.8371949290552719,1.1717037171004459,0.996800640240576,0.8766502136730593,1.7668023155886878
bioplanet_1243_Formyl peptide interaction with formyl peptide receptors,1.282790058899298,1.378518585376611,1.3405533231842977,,0.596636524342468
bioplanet_182_Inhibition of T cell receptor signaling by activated Csk,1.9423325810549577,2.449101897318699,2.118723097158713,,
GAVISH_3CA_MALIGNANT_METAPROGRAM_22_SECRETED_1,0.590580239907224,0.40478968802999743,0.48255220520483477,0.1619861530927914,0.821927848688381
GAVISH_3CA_MALIGNANT_METAPROGRAM_41_UNASSIGNED,0.8053610672848729,0.5675256449086821,0.38000636735616383,0.31094794402397136,0.776550318749626
"bioplanet_796_Tetrahydrobiopterin (BH4) biosynthesis, recycling, salvage and regulation",0.7712492320960023,0.8404979178289599,1.4626465817921295,1.2749550837020358,1.741734228548033
bioplanet_1132_Messenger RNA decay by 5' to 3' exoribonuclease,1.0538836188065435,1.5062263853240503,1.259891974353284,0.4406898967739504,1.8369419759647632
GAVISH_3CA_METAPROGRAM_FIBROBLASTS_MHC_II,1.3260562009464565,1.7913813633130389,1.6145535772023587,1.9882580139503991,
bioplanet_1095_Endosomal sorting complex required for transport (ESCRT) pathway,0.7769150243468741,1.3496470953486608,1.003696265536529,1.8672619972556213,0.4181253612112971
bioplanet_664_Interferon-gamma signaling pathway,1.523074232852365,1.8596314592820322,1.8378576756245375,,
bioplanet_309_Pathogenic Escherichia coli infection,0.8802603908805178,0.7035608525246679,0.892517628301279,0.9266093381394452,0.5256809449760936
bioplanet_932_Urea cycle,1.241136460360693,0.3651002497313508,0.9571028812145731,2.190929253423483,
GAVISH_3CA_METAPROGRAM_B_CELLS_CELL_CYCLE,0.8353858689857208,0.5288425113848764,1.4046339872842808,1.5517249956646295,2.6316657161330435
GAVISH_3CA_METAPROGRAM_CD4_T_CELLS_CYTOTOXIC,1.1192360207930552,1.44679824857171,1.4361617115598668,,1.1746188634572639
bioplanet_857_Vitamin C (ascorbate) metabolism,1.4683757503077735,1.632142137125263,1.446264652580384,0.9235036006784964,1.6823315002324397
bioplanet_941_Mitochondrial protein import,0.787048853708888,0.6461141770033934,0.5412086157241995,0.7766820361810449,0.45400146205849956
bioplanet_1629_Post-chaperonin tubulin folding pathway,0.7185910005632699,1.1628685559082628,0.8000219913042802,0.301366381982915,0.3664325397499741
bioplanet_1353_p38 MK2 pathway,0.3550360488852121,0.5339918669080171,0.5900394541002798,2.021940548941185,0.3635757599912184
bioplanet_1755_Cytoplasmic ribosomal proteins,1.0323056645316493,,1.1163881344575282,3.0719078074773085,2.656469511214645
bioplanet_1603_Nef-mediated CD4 downregulation,0.3854964457728662,0.1024495081425633,0.21288636067245334,0.3493632900934535,0.36976537820476196
bioplanet_1335_Integrin beta-4 pathway,1.6544593712633755,1.0438432916932452,0.8649353721265977,,0.26812302175594566
bioplanet_798_Termination of O-glycan biosynthesis,1.5170235268231893,1.0410810740866094,1.481211671324231,2.708235252245739,0.29399808994052695
bioplanet_490_Signaling events mediated by PRL,0.8039377840634467,0.47749515749335103,1.1542588434686858,0.26470559870157384,0.4673010831109269
bioplanet_1634_Protein folding,1.245645517072771,1.653279748998798,1.2962177764479894,,1.0097555314096516
bioplanet_1_Inhibition of matrix metalloproteinases,0.5330304601425578,0.33891196435125776,0.3315071183458714,,0.220950173572691
bioplanet_1747_Oxidative stress,0.518439212131254,0.24108497527439407,0.5443091169426459,0.6761599580775536,0.21176918938150946
bioplanet_630_G beta-gamma signaling through PI3K gamma,0.9439771945565031,0.9091121664131658,1.2182432390385451,0.39323738617427206,0.7430187912601023
HALLMARK_REACTIVE_OXYGEN_SPECIES_PATHWAY,0.8184577004655086,1.2994351892191933,0.8989510836929104,0.201819649386144,0.6771387999059241
"bioplanet_753_Glucose-dependent insulinotropic polypeptide (GIP) biosynthesis, secretion, and inactivation",0.6699619801739498,0.7667833161897325,1.3486850033775069,0.1749219565453646,0.32601491328479526
bioplanet_83_MAP kinase pathway regulation through dual specificity phosphatases,0.6670284972507238,0.3373320088310964,0.39653899542489135,0.6803548621553445,0.30504472360937196
bioplanet_658_Mammalian target of rapamycin complex 1 (mTORC1)-mediated signaling,1.2408665737219347,0.7207972977738177,0.8169170590609769,,1.3969468140867722
"bioplanet_1666_cAMP receptor, G-protein-independent pathways inferred from amoeba model",1.1443634579477404,1.2628407675062905,1.2843151985421408,0.19245816950118913,0.9282585073819631
bioplanet_1487_Basigin interactions,0.6970072026760781,0.5258313658257077,1.0517775144802917,0.256013396349937,0.5449698689065768
bioplanet_1566_Inflammasomes,0.808579236488759,0.45452338188993724,0.5854487169751162,0.8621345654033985,0.3277416037443754
bioplanet_51_T cell activation co-stimulatory signal,1.8620507117333234,2.359341051662634,1.9819523735981412,,
bioplanet_1169_HIV life cycle early phase,0.8778707907905562,0.49311032306969443,0.578179833255983,,1.0327172456685176
bioplanet_1137_Messenger RNA splicing: major pathway,1.1234178216384272,0.5446675571210745,0.7760556480646555,,0.6995954292846653
GAVISH_3CA_METAPROGRAM_EPITHELIAL_METABOLISM_KIDNEY_2,1.0503090390225136,0.5177817411784088,1.0669812522012225,0.3082745748180663,0.3274429915785768
bioplanet_24_Hypoxia and p53 in the cardiovascular system,0.38740949454731227,0.8178305719765452,0.4271391686836348,0.8432599667276764,0.5213008030095386
GAVISH_3CA_METAPROGRAM_CD8_T_CELLS_NAIVE_2,0.8797990601379967,1.1317583688798938,0.7019145121513058,1.2104996857009995,0.612664344157057
bioplanet_1465_Toll-like receptor endosomal trafficking and processing,0.6031466230913995,0.886063938909852,0.45405972113830545,0.5415460170281842,0.8894840271183551
bioplanet_1671_HIF-1 degradation in normoxia,0.6464784867734326,0.9108274118439156,0.79524569405196,1.0708851765894907,1.3883266502282876
bioplanet_178_Pertussis toxin-insensitive CCR5 signaling in macrophage,0.2184152781149528,0.3380207642525864,0.21742853996976388,1.6169432713590337,0.26411762613232015
bioplanet_805_Association of TriC/CCT with target proteins during biosynthesis,1.4106655012055827,1.4988784271243607,1.209076157923852,,
bioplanet_954_Gluconeogenesis,1.5081447858262955,1.8456023889639115,1.65010435470364,1.1696239714029992,2.627452042266468
"bioplanet_440_Endocytotic role of NDK, phosphins and dynamin",0.6686976578304767,0.2915083677153713,0.6855008198835235,0.7758263098448169,0.8190114874562072
bioplanet_1113_HIV factor interactions with host,0.5980025403696703,0.6744629098230202,0.4438355638774298,0.1828078252332792,0.7700265561418823
HALLMARK_INTERFERON_GAMMA_RESPONSE,1.0877019924710158,1.5976306684925854,1.2732962279405842,1.5053258496210968,1.6698287066437174
GAVISH_3CA_METAPROGRAM_ENDOTHELIAL_ENDO_6,0.8437360778972767,0.5078932262263356,0.9941545619215173,0.8250562554759218,0.7568851387845518
bioplanet_111_Calcium signaling by HBx of hepatitis B virus,0.2612012375384364,1.0724957249346727,0.48671882540493194,1.4030041951177086,0.8078046907017763
bioplanet_831_Selenium metabolism and selenoproteins,1.3409022578624437,1.556682902193995,1.287628798846336,1.066338304194985,1.1384748110877687
bioplanet_1705_Physiological and pathological hypertrophy  of the heart,0.36977867139207604,0.4513798580836968,0.5760467701656944,1.0596097511841325,0.2410924097419324
bioplanet_734_Nucleotide di- and triphosphate biosynthesis and interconversion,0.9425846695411345,0.4162505279156953,1.1609939522945187,0.7165108779591377,0.28921237410356204
bioplanet_1579_Lysosome vesicle biogenesis,0.648624766062393,1.5468945031133396,0.8329479249516751,0.19107306046567693,0.3382418189499817
bioplanet_1272_Trefoil factor initiation of mucosal healing,1.131378173100774,0.8526013544601193,1.2295457302076145,1.2951444985873457,0.5359331470063992
GAVISH_3CA_MALIGNANT_METAPROGRAM_35_HEMATO_RELATED_1,0.968293993464427,0.8493073438123218,1.3431687349280454,1.0083567123612598,0.7851009841827107
bioplanet_1149_Cytosolic tRNA aminoacylation,0.6069638737962734,0.4350343876733309,0.634998515129495,,
GAVISH_3CA_METAPROGRAM_FIBROBLASTS_MHC_II_CYTOKINE,1.312344686367458,2.3692823645439707,1.4520900215079646,2.585149698662771,1.5532003565907035
bioplanet_1546_BAD activation and translocation to mitochondria,0.6695343934381605,0.515946691849573,1.0555250352662628,1.697551038149809,0.39197819865524414
bioplanet_1587_Methylation,1.0000550925551774,1.794569753401739,1.392924741333197,,
bioplanet_685_Sema4D in semaphorin signaling,0.9685842311087277,0.3719620763082771,1.3673788217549867,0.2557577199282482,0.41037329194954053
bioplanet_324_CTL mediated immune response against target cells,1.8709071911281725,4.248031244782378,2.6393234814957593,3.1977724985538365,3.8027024985410858
bioplanet_240_SUMOylation as a mechanism to modulate CtBP-dependent gene responses,0.9841378352404303,1.349651782014783,1.4627813071120264,0.9620969643361942,0.5439803430056526
bioplanet_1662_Sema3A/PAK-dependent axon repulsion,0.7799804480668371,,,1.4125547142921835,0.6045303193508552
GAVISH_3CA_METAPROGRAM_B_CELLS_MEMORY,0.3824010180188545,0.32149100213681864,0.49849550429258593,1.74876250200076,0.22231193509159028
bioplanet_829_Pyruvate metabolism and citric acid (TCA) cycle,0.46521898746018525,0.5431006716418817,0.41930678561893425,2.321573247729481,1.8922508408662042
bioplanet_1221_Axonogenesis regulation by p75 neurotrophin receptor,0.31427300847418443,0.4987561833322585,0.5242603339532748,0.7967342607339147,0.9058755428050815
GAVISH_3CA_METAPROGRAM_EPITHELIAL_V_ATPASE,0.4408102485616782,1.7395133468231871,0.9092679178033894,1.7307628988288606,2.2227869849043076
bioplanet_1743_Mitochondrial fatty acid beta-oxidation,1.909333498090021,1.2406265662400007,1.8041410930549013,2.6623512339706994,
bioplanet_181_Cadmium-induced DNA biosynthesis and proliferation in macrophages,0.4065230018633833,0.5955562075890546,0.6785304860568036,0.3472020151383232,0.44617860598812975
bioplanet_55_Th1/Th2 differentiation pathway,1.6973061879190379,2.022981553616614,1.8177329797398314,,
bioplanet_311_Leishmaniasis,1.2826416257982642,1.305112968877638,1.3967589877082465,,
bioplanet_1447_Smooth muscle contraction,0.9295799393702848,0.37565196119419797,0.5531950272392199,0.3747953581673814,0.23351161516689656
GAVISH_3CA_METAPROGRAM_MACROPHAGES_MONOCYTE_SECRETED,0.7717466785878995,0.3973436167614722,0.6729984337369689,,0.5277482158838517
bioplanet_87_Corticosteroids and cardioprotection,0.34276643382064664,0.38180864250328445,0.512300029518849,0.248498376815468,1.27817789778887
bioplanet_1171_DNA replication pre-Initiation,0.5779758114786437,0.902127238971746,0.8502502605956129,1.33021237676219,1.5881219048282327
bioplanet_444_Cardiac muscle contraction,0.6769937997852533,,0.6786977258800098,0.1934352929456449,0.30178586184548106
bioplanet_675_Type II interferon signaling (interferon-gamma),0.9792451257262412,1.5250340987215527,1.1651566880936401,,1.012476074756038
bioplanet_1424_Gastrin pathway,0.9945479222038907,0.3442013614067568,1.151509379498299,,0.43340321938229415
bioplanet_611_Interferon signaling,1.046307071937343,,1.1710022659076131,,
bioplanet_59_BTG family proteins and cell cycle regulation,0.8417416810719922,0.5980932652921176,0.6452271777057186,,0.556764969072013
bioplanet_610_Downstream signaling events Of B cell receptor (BCR),0.6122522590060392,0.5728953313586594,0.7738115841414601,0.5450777306206543,1.3480525094504923
bioplanet_1562_IRAK2-mediated activation of TAK1 complex,0.5802379164071935,,,0.8358874115700945,0.4529602078355153
bioplanet_1656_Fanconi anemia pathway regulation,0.6064266722054085,,0.7189370521440163,1.4921221884182099,0.5055627229844641
bioplanet_12_Granzyme A-mediated apoptosis pathway,1.050856709351582,0.49399852629452895,0.6990857536273134,,
"bioplanet_752_Ghrelin biosynthesis, secretion, and deacylation",0.48041384275083,0.28523124936222743,1.2024513066434648,0.190978448373525,0.4841290398938637
bioplanet_669_TGF-beta receptor signaling in EMT (epithelial to mesenchymal transition),0.5553973953898373,,0.6894616196930389,1.444404184366969,0.8481575680981098
bioplanet_1348_E-cadherin keratinocyte pathway,0.5396587292976045,0.4969943400820966,0.753535443847516,0.7964633049347579,0.29463123662803437
bioplanet_1334_E-cadherin nascent AJ-like junctions pathway,0.4336191060993731,0.4853102431882324,0.6959050650001218,1.371537508837668,0.24694949322415558
bioplanet_584_p75 neurotrophin receptor signaling via NF-kB,0.5283763170665647,0.413581062133959,0.9051476472221507,1.1157166562313765,0.2065950232100734
bioplanet_180_B cell survival pathway,0.37461373845674856,0.48716669743782015,0.5676834848599651,0.2914852879864178,1.1907040306913277
bioplanet_891_Inactivation of Cdc42 and Rac,0.4701948545849256,0.7774393060642809,0.941366658994341,0.621063295414613,0.5067071184564994
bioplanet_260_Spliceosome,1.2196153636427194,0.7991683548687925,0.9720958967529925,,0.8772802987424474
bioplanet_1036_Influenza viral RNA transcription and replication,1.0167127037797046,,0.8350805206450677,2.8671399931834074,2.3792724067907636
bioplanet_7_Mammalian calpain regulation of cell motility,1.09285668007783,0.4745437227713761,1.0231544044247811,0.8259145606430762,0.2605895635732665
bioplanet_1422_Interleukin-11 pathway,0.4443057873965478,1.0625124396523993,0.21319655447961014,,0.4357346740202702
GAVISH_3CA_METAPROGRAM_CD8_T_CELLS_CYTOTOXIC,1.4294200707813116,1.7073658523833968,1.6453152369667996,,
bioplanet_1552_Glutathione conjugation,0.5634765734824656,1.0521734830618885,0.5726391610675978,0.8355576611397402,0.5103789814893845
bioplanet_441_Deregulation of CDK5 in Alzheimer's disease,0.7887622455288529,0.512132208229762,0.682919048298997,0.7463475328518351,0.8529379922985567
bioplanet_1128_RNA polymerase III abortive and retractive initiation,1.1909605678677027,1.3831919562574568,1.441656693403199,,
bioplanet_1532_Ethanol oxidation,0.6240956937766016,0.8275424617256774,0.5628670382095857,0.7382567788450195,0.3413718845666007
GAVISH_3CA_METAPROGRAM_ENDOTHELIAL_COAGULATION,0.41268463781231407,0.4778387126575295,0.44339996377834895,1.5859320616468071,0.32844823759948233
bioplanet_972_Acyl chain remodelling of phosphatidylinositol,1.3570642000912967,0.7401826146359133,1.037335946447255,0.19299226694510369,0.4314915363745635
bioplanet_563_Cell death signaling by NRIF in the nucleus,0.512564498812239,,,1.3297928743941558,0.3315217461255282
bioplanet_65_Ran role in mitotic spindle regulation,0.9842159230457644,0.6355953689766343,0.8793628258994249,,0.37480247200353994
GAVISH_3CA_METAPROGRAM_FIBROBLASTS_CAF_4,0.5911384108484786,0.5906009333305914,0.5214628306633385,0.36578926051628535,1.4168636848295657
bioplanet_176_Repression of pain sensation by the transcriptional regulator DREAM,0.6873930467662098,1.8556803887135647,0.6218811478363863,1.9733147533669728,1.3001455807280933
bioplanet_982_Nef in HIV-1 replication and disease pathogenesis,1.0367587587252265,2.0622344751534216,1.4067071847885315,1.930334683633235,1.6853433053330995
GAVISH_3CA_MALIGNANT_METAPROGRAM_13_EMT_2,1.5422434445151512,0.8439914583449782,1.3352726122198584,,0.7173166688770386
bioplanet_410_Terpenoid backbone biosynthesis,1.4730485862021494,0.5001104751966491,1.0794108145959307,0.5130530257370388,0.6155231186151097
bioplanet_1510_Cross-presentation of particulate exogenous antigens (phagosomes),0.6554950789132986,0.33306151902084996,0.33783644873659685,0.5463227119117987,0.32106602030575665
GAVISH_3CA_METAPROGRAM_FIBROBLASTS_MYOFIBROBLASTS,0.8265808063638548,1.5356897101345894,0.8041482379360115,,0.48389987887057356
bioplanet_1484_Attachment of GPI anchor to uPAR,0.7784350165066101,2.232587342422562,1.2219474951408782,,0.3305139655254687
bioplanet_1206_MHC class II antigen presentation,0.8715292923418362,,0.960681828978356,,
bioplanet_688_Alpha-6 beta-1 and alpha-6 beta-4 integrin signaling,0.4830815948119861,0.4406487813786846,0.6084952254406674,1.2094224669473455,0.2533827660435745
bioplanet_720_Negative regulators of RIG-I/MDA5 signaling,0.5506062776120677,,0.7245178654999884,0.7306985009310951,0.7558826008081085
bioplanet_714_Downregulation of ERBB2-ERBB3 signaling,0.35487662382967583,2.1915830273042523,,1.320503256106637,0.29135602699802665
GAVISH_3CA_METAPROGRAM_CD4_T_CELLS_T_REG,0.8514226158843992,1.2387048051152412,0.772287837956149,,2.1666184147494287
bioplanet_846_Aflatoxin B1 metabolism,2.3133433001890853,1.2692768933338043,2.3392289603588545,1.269901474287634,
bioplanet_1381_Glypican-3 pathway,0.7987247428535155,0.35800694570028163,0.7055587193117403,,0.22278873291574997
bioplanet_839_Nicotinate metabolism,0.42783167772611846,0.3844420363832973,0.639999128562803,0.3913315306855608,
bioplanet_1367_Insulin regulation of blood glucose,0.40941254321367376,0.4370901379852896,0.5341798334369142,1.4941324549734505,0.38845797339914967
GAVISH_3CA_METAPROGRAM_EPITHELIAL_EPI3,1.5087010167292683,1.470447761436351,1.1516152429176427,,1.2275331276243886
bioplanet_1168_Post-elongation processing of intronless pre-mRNA,1.2786387857374657,0.6712681617901595,0.8231270069423869,,1.1426264438342384
bioplanet_811_Nitric oxide metabolism,0.24383625795013567,,0.6015443276654927,0.49301221396074024,0.6822056499973554
bioplanet_416_Multi-drug resistance factors,0.5606020856251069,0.5813262960764225,,0.459992815763372,0.9531153246903108
bioplanet_74_Tumor suppressor Arf inhibits ribosomal biogenesis,1.1560207189809275,1.1643040677903527,1.4432856010120847,0.32772240925881696,0.3791148192316193
bioplanet_973_Acyl chain remodelling of phosphatidylserine,1.4146173974343834,1.0789866269681578,1.0911066651166592,0.36776208723619386,0.255357623384266
bioplanet_244_Downregulation of MTA-3 in ER-negative breast tumors,1.2192506323736119,1.0830194713465564,1.0888059543121238,0.9845170427154254,1.0263776437619658
bioplanet_69_p27 phosphorylation regulation during cell cycle progression,0.5762977273839267,1.0054496385233243,1.0794532865375521,0.24173676889278164,0.3134965477086314
bioplanet_940_Methionine salvage pathway,0.7680200749956586,0.5385265669213678,0.3549517433539137,0.44582888084706196,
bioplanet_31_MEF2D role in T cell apoptosis,0.8337247884127769,,0.9657776601418951,2.0661821444851274,
bioplanet_265_Protein processing in the endoplasmic reticulum,0.5088598304017097,0.3843869940852273,0.6701169969963506,0.7460713088062978,0.3415459612269081
GAVISH_3CA_MALIGNANT_METAPROGRAM_16_MES_GLIOMA,1.0811662107626803,0.7530808848912798,0.9800451835656228,,
bioplanet_814_Polyamine metabolism,1.0136014109021618,0.6120642752325487,0.7293386284802782,,1.0691086860070773
bioplanet_1493_CD28-dependent Vav1 pathway,0.4118069687999284,0.5321443369871548,0.6072451637316016,0.7847746352800277,0.2637886439904976
bioplanet_1083_Cation-coupled chloride cotransporters,1.1084480249496709,0.4989398086061386,0.6564809418837912,0.5656826361479899,0.5558401776672455
bioplanet_691_Sprouty regulation of FGF signaling,0.5715387027243856,,,0.8629286026496068,0.7667110599815896
bioplanet_886_EGFR downregulation,0.51825369400674,,0.541796010187132,0.2863705448376833,0.4539644530571579
bioplanet_1185_S phase,0.2923854772390632,0.571019144346972,0.57123873769419,1.6128629606222795,1.3688544682679715
bioplanet_1604_Nef-mediated CD8 downregulation,0.411036690631235,0.41158459994861335,0.5027847749373245,0.6128095480254364,0.4037220435563317
bioplanet_1739_Keap1-Nrf2 pathway,1.0848517535350788,0.49299699432402766,1.41110797571652,,0.6307043838717085
bioplanet_1504_Cleavage of growing transcript in the termination region,0.9669242487241576,0.5069998562892012,0.5892685252739911,,0.5190574298619743
bioplanet_802_Purine ribonucleoside monophosphate biosynthesis,1.2492685350153327,1.0699677610044167,0.615321600020226,,
HALLMARK_MYC_TARGETS_V2,1.0620435868652776,0.7697050338440059,1.1272523851333858,,
bioplanet_120_Cytokines and inflammatory response,1.5708919426372052,1.3433119213667148,1.4831111380830762,,
GAVISH_3CA_MALIGNANT_METAPROGRAM_39_METAL_RESPONSE,0.8995972035633204,0.616557583074226,1.1703977720475998,0.2475076420304464,0.4711366420294957
bioplanet_307_Vibrio cholerae infection,0.5151983297760538,0.24407968626500404,0.4373495186741805,1.466548523507206,0.5991326304977412
GAVISH_3CA_METAPROGRAM_CD8_T_CELLS_CHROMATIN,0.7353068018542489,0.5090699757797083,0.5665070404573459,0.2316734519667784,1.0845553981367042
bioplanet_75_MAL role in Rho-mediated activation of SRF,0.9999015008984673,0.4607590725407327,1.101692108097939,0.9509432319261858,0.62837097618693
bioplanet_352_Vitamin B6 metabolism,1.6878921392023316,1.839918267006126,1.7437823325431607,,
bioplanet_668_TGF-beta receptor activation of SMADs,0.5717591837947168,,0.6405465042822026,1.6908090465417047,0.48719689649413583
bioplanet_1310_S1P/S1P4 pathway,1.2824426142737544,1.1216181912745864,1.3522275311927743,0.885991586491156,0.6673103191226887
GAVISH_3CA_METAPROGRAM_EPITHELIAL_METABOLISM_KIDNEY_1,0.6251838550553971,0.4761588017283591,0.6989334669621234,0.6018664848474707,0.248498654204049
bioplanet_859_Alanine and aspartate metabolism,0.7222842902845902,0.3696568056643735,0.6736032606009357,2.3846992506602174,
bioplanet_306_Bacterial invasion of epithelial cells,0.40577583094327047,,,0.27081867147606126,0.23763058520774577
bioplanet_363_Tricarboxylic acid (TCA) cycle,0.3914793804830646,0.32355730953476,0.17895741640614204,1.2086566179286977,
bioplanet_1328_T cell receptor/Ras pathway,0.5562145021445739,,0.5311576483850561,,0.6007131444393419
bioplanet_188_MAP kinase downregulation by phosphorylation of MEK1 by Cdk5/p35,0.6728272947413134,0.5693986544616659,0.6058940852594144,0.4982381042719333,1.0682175391519648
bioplanet_948_Pyrimidine catabolism,1.200342983280402,0.9058110792007232,1.2542098788376277,,
GAVISH_3CA_METAPROGRAM_FIBROBLASTS_CAF_9,0.32307894151613153,0.4337357310945356,0.32392497587896424,,0.5885283114826162
bioplanet_1434_Thymic stromal lymphopoietin (TSLP) pathway,0.388993265665451,,0.5670133534228952,,
bioplanet_528_Signaling by constitutively active EGFR,0.43984050539294794,,,1.8722659632527578,0.3792720788127679
bioplanet_676_SHC1 events in EGFR signaling,0.5292574595837057,0.49834980524269834,0.6294581211640042,1.8712288960962034,0.35867635764819467
bioplanet_1309_Alpha-V beta-3 integrin/OPN pathway,0.46303223366865703,0.7182550808129174,0.4176726486838888,0.39082684499466835,0.43955686016587947
bioplanet_409_Glutathione metabolism,0.4010342601124686,1.3402569702178884,0.595688275520085,1.0760547064391508,
GAVISH_3CA_METAPROGRAM_ENDOTHELIAL_ENDO_7,1.5440471262537174,0.6776167968134825,1.8600654624705824,0.7720099450452925,
bioplanet_985_Influenza infection,0.8491101816246265,,0.8861669871290029,2.6343124111348732,2.1689180124600003
bioplanet_258_RNA polymerase,1.175305033302741,,1.1933118273974213,,1.048514386689678
HALLMARK_CHOLESTEROL_HOMEOSTASIS,1.1767404706576712,0.7702094266213412,0.8414305536651269,1.1305823865368163,0.31471420650642395
GAVISH_3CA_METAPROGRAM_CD8_T_CELLS_DYSFUNCTION,0.6053533731784704,0.5804484365986369,0.6572327753036827,,0.5444116999634397
bioplanet_224_Cardiac protection against reactive oxygen species,0.46884747623866396,0.47211528466492214,0.3888045035744701,0.3220375502605036,
bioplanet_1167_Capped intron-containing pre-mRNA processing,0.9895755850287453,,0.5730734383014392,,1.0474687029305814
bioplanet_57_ADP-ribosylation factor,0.5145460016888426,,,2.3744938990017364,0.3647281157345974
bioplanet_1022_Caspase-mediated cleavage of cytoskeletal proteins,1.095164901262391,1.6834040218466104,0.889118932676045,0.3571766296100534,0.5665023448526016
bioplanet_84_Support of platelet aggregation by Eph kinases and ephrins,0.7418276778139345,0.6346884977669477,0.5991217610059503,0.4065036918618272,0.9424732608755704
GAVISH_3CA_METAPROGRAM_ENDOTHELIAL_NF_KB,0.5700411196593516,0.23772118187498856,0.21964099124915215,,
bioplanet_1148_Regulatory RNA pathways,0.7614617395881249,,0.741409600729309,,0.8120668212580711
GAVISH_3CA_METAPROGRAM_MACROPHAGES_MAC_1,0.9890088852737448,0.6887255474806222,1.1108057370314766,,0.9270715747324466
bioplanet_1156_Stabilization of mRNA by HuR,0.9569470474948527,0.5070562908848676,0.6710144114679765,,0.9892812817958035
bioplanet_1100_Zinc influx into cells by the SLC39 gene family,1.4280637577312443,1.0306576832841368,0.8514642125592307,,2.189835670211491
bioplanet_1009_Apoptosis modulation by HSP70,0.22212063947215568,0.5251727565826547,0.4411236319074889,0.8510342403857689,0.32234108383759374
bioplanet_357_Folate biosynthesis,1.472417777688845,1.5765314641844281,1.3155663592392717,,
bioplanet_460_Proximal tubule bicarbonate reclamation,0.16186716577534294,,0.5392628090706221,0.31667893013780046,
bioplanet_364_Pentose phosphate pathway,0.8769382535072558,,0.4021487694220154,,
bioplanet_1340_ERBB1 downstream pathway,0.23497326853048467,,,1.086036221640619,0.2401643250910845
bioplanet_1123_RNA polymerase III transcription termination,0.795564079680707,,0.8852372536875387,,
bioplanet_949_Pyrimidine salvage reactions,1.681638341537679,2.1315896922177986,1.741329599677613,1.8256124173800925,1.7207831718800937
bioplanet_1141_Diurnally regulated genes with circadian orthologs,0.23460685350529828,,,0.9877409759280955,0.24793775630165887
GAVISH_3CA_MALIGNANT_METAPROGRAM_36_IG,0.9413357097553828,1.2859735246864552,0.9768448913950833,0.3069479337759848,1.2532031339324832
bioplanet_983_HIV infection,0.38436850283327406,,0.3141750413475508,0.19224520018876423,0.5603711034258749
bioplanet_756_Insulin biosynthesis and processing,0.5668108949034336,1.6715354190794585,0.9227900102723176,,0.3832902131962157
HALLMARK_MTORC1_SIGNALING,0.5602836002595967,0.91080248508341,,1.0410402354920059,1.0123324159407219
bioplanet_374_Propanoate metabolism,0.9115260158037277,0.42977708626481864,0.5505297440114625,1.446896746787814,
bioplanet_901_Costimulation by the CD28 family,1.225379264606126,,1.240536760895565,,
bioplanet_609_N-cadherin signaling events,0.6095398220055175,0.5403538452854676,1.7352845324217494,0.2599505618687624,0.21974827945094613
bioplanet_310_Shigellosis,0.42811942225205396,,,0.9464809521164371,0.241042697291022
bioplanet_1644_Complement cascade regulation,0.6086282221411421,0.49653641553399863,0.34681937467446433,,
bioplanet_362_Glycolysis and gluconeogenesis,1.4453335609207831,,,2.1519264621967356,2.252675116021356
bioplanet_537_Inhibitor of DNA binding (ID) signaling pathway,1.4299449200148033,1.3987119182513112,1.530530392423942,,1.0584026098633093
bioplanet_204_Phagosome,0.7142520286994343,,1.160942092465711,1.0974633504727542,
bioplanet_431_Mechanism of protein import into the nucleus,0.6529206151724529,0.9840299045515642,1.3170993237963262,,0.29979239924749057
GAVISH_3CA_METAPROGRAM_ENDOTHELIAL_ENDO_3,1.4391924964283274,0.5851645350932392,1.4387403769685005,0.8379915413576123,
bioplanet_1385_Golgi-associated vesicle biogenesis,0.2693661404775745,,,0.440415580438577,0.3351619529269909
bioplanet_220_Effect of METS on macrophage differentiation,0.6519906901177169,1.2201475056780133,1.0106368226277238,,0.9016737917870526
bioplanet_326_Monocyte and its surface molecules,1.1444249858869064,1.4185640848266274,0.9341692050327532,,
bioplanet_82_Cystic fibrosis transmembrane conductance regulator (CFTR) and beta 2 adrenergic receptor (b2AR) pathway,0.7424333099391153,0.39785447840338606,1.7127309157308903,0.4018121337888408,
bioplanet_847_Urea cycle and metabolism of amino groups,0.5032472721443341,0.4182541180998936,0.6874801981913566,1.432296374762849,0.4789317314324927
bioplanet_1343_AP-1 transcription factor network,0.5951526567603923,1.9648212598534691,0.7717488496457484,,1.976519179322327
bioplanet_1026_Cell cycle checkpoints,0.19624384427642969,0.6875031591687885,0.5314617112621524,,1.1954667427637202
bioplanet_189_Parkin role in the ubiquitin-proteasomal pathway,0.25236270195558363,1.0418889366300434,0.5350418627137208,,0.2937802019448222
bioplanet_1228_Downregulation of SMAD2/3-SMAD4 transcriptional activity,0.7143737592177467,,,1.0770240952456327,0.604718625165824
bioplanet_330_Ras-independent pathway in NK cell-mediated cytotoxicity,0.7785040568474518,,,2.9545224044125153,1.916375426440603
GAVISH_3CA_MALIGNANT_METAPROGRAM_15_EMT_4,0.9448357527483674,,1.3586334435173288,1.3174820535157463,0.9328643519015113
bioplanet_1500_Cellular response to hypoxia,1.2251142431137743,,,0.424543100385559,
bioplanet_887_Interleukin-1 processing,1.7391109836367293,1.7404907513887864,1.3340470734178176,1.0875131626108454,
bioplanet_1714_TP53 network,0.4853962257192629,0.12248915103069104,0.779500361323708,,
bioplanet_589_Nef-induced signal transduction,0.5895821210936383,,1.1942149698356455,0.43854084179299974,0.25911257382628944
bioplanet_554_G13 signaling pathway,0.5831396956315165,,,0.6455575442015526,0.4202025670712264
bioplanet_565_Rap1 signaling,0.7328521674906511,,,2.498080892224742,1.253802297919324
bioplanet_533_Signaling to p38 via RIT and RIN,0.6667526185461198,,0.6915306844514578,1.5452460840927496,
bioplanet_1757_Hypertrophy pathway,0.7202158665654173,0.5077441647681402,,1.2029311956873137,0.5769187323341293
bioplanet_971_Acyl chain remodelling of phosphatidylglycerol,1.405553464476597,0.46110630089653437,1.2747866201971347,0.3526189551210524,0.24443189621233483
HALLMARK_UNFOLDED_PROTEIN_RESPONSE,0.4258867210063785,,0.5093378812805959,,0.4777237084171868
bioplanet_1124_RNA polymerase III transcription initiation from type 2 promoter,0.9668536933973882,1.1720647333851317,1.0672426041587206,,
bioplanet_1439_ID regulation of gene expression,0.6993357451328448,0.3349564994646084,0.4073889473087921,,
GAVISH_3CA_METAPROGRAM_MACROPHAGES_CELL_CYCLE,1.0744877326578244,0.5737057911485481,1.2762912917224374,,
bioplanet_698_Retrograde neurotrophin signaling,0.21127962313592705,0.5773296678612876,0.47633386880452044,0.21480746444213739,0.4080781694626601
bioplanet_73_Splicing regulation through Sam68,1.0934741883068677,0.5339433683823999,0.578770105069134,0.32946406999863875,
GAVISH_3CA_METAPROGRAM_CD8_T_CELLS_UNASSIGNED_1,0.7386787504530523,0.5847003318852062,0.9329260140967236,,1.5856267538532913
bioplanet_1341_Syndecan 4 pathway,0.47249080479355826,,,0.6361963120207186,0.3201060777309792
bioplanet_218_PRC2 complex long-term gene silencing through modification of histone tails,0.6255838635855584,0.5432192637384943,1.2540558522736671,0.30936867486345815,0.45196901699635955
bioplanet_1311_FRA pathway,0.45914117215246636,0.16144172304503046,,,
bioplanet_148_Erythropoietin-mediated neuroprotection through NF-kB,1.2136208696312971,0.8334424325142721,1.0304385703133847,,
GAVISH_3CA_METAPROGRAM_B_CELLS_B_CELLS_1,0.7655361334337023,0.5781183415381697,1.3262775013102757,0.5351967510794811,0.854894060497995
bioplanet_1154_Deadenylation of mRNA,0.799805600864246,,0.9536983992418983,,
bioplanet_238_Cell adhesion molecules (CAMs),1.0768945921329254,,,,
bioplanet_119_Signaling pathway from G-protein families,0.5244748356109201,,,1.2641581830364437,0.3455555583830995
bioplanet_926_Activation of IRF3/IRF7 mediated by TBK1/IKK epsilon,0.35293561215173425,,,1.0275899577916714,0.2555839559499509
bioplanet_1499_Cell-extracellular matrix interactions,1.1857166414987148,1.6876640018699411,1.2102965880952945,,
bioplanet_366_Fructose and mannose metabolism,1.6010949196968625,,,1.083570312594353,
bioplanet_1007_Apoptotic factor-mediated response,0.4966194147219823,1.370538394535175,1.3300933841386111,0.3912676532483769,0.32804194231112965
bioplanet_1591_Mitotic G1-G1/S phases,0.12580962547534227,0.31069422297000365,0.4631291310122805,,
bioplanet_1133_Messenger RNA capping,0.9835988885069653,,1.4030245275247866,,
bioplanet_1028_Influenza factor interactions with host,0.5972932411030313,0.24970272189905984,0.6308680820937558,0.38647485566957834,0.6263775744628703
bioplanet_1088_SLC26 family multifunctional anion exchangers,2.0703968339782106,1.3904165738776038,1.5279641356244997,2.9404101809414485,
bioplanet_647_NODAL signaling regulation,2.111398779977158,1.197277308682644,1.2838502866358321,,
bioplanet_1725_SREBF and miR-33 in cholesterol and lipid homeostasis,1.6728610963804862,0.39299467833749024,1.025975453946421,,
bioplanet_915_AKT phosphorylation of nuclear targets,2.1333901516461324,1.3074977470414129,1.3405409646458641,1.0390035084473734,
"bioplanet_760_Incretin biosynthesis, secretion, and inactivation",0.7039275242511435,0.3978255239135551,0.72060906468926,0.33401898029933896,0.4440304360262023
bioplanet_133_Interferon-alpha signaling pathway,1.098640589907727,1.0657918465227494,1.097235602439439,,
bioplanet_1495_CHL1 interactions,1.4100284142607244,1.1880695258261487,1.509457046685333,,0.6062004249739834
bioplanet_1021_Activation of DNA fragmentation factor,2.3257860744873557,0.96699043366402,1.9089747593880164,,1.1733419306300954
bioplanet_1138_Messenger RNA processing,1.2317507226619346,,0.7494707714257061,,
bioplanet_1153_Transcription factor regulation of microRNAs related to cardiac hypertrophy,1.5217143024546644,0.6336789633936778,0.9662785506579833,,
bioplanet_421_FYVE-finger proteins in vesicle transport,1.3898047636704274,1.1974029329709763,0.6903186588721808,,
bioplanet_1177_DNA-PK pathway in nonhomologous end joining,1.3701248328328175,,1.3087948955185045,,
bioplanet_393_Ketone body biosynthesis and degradation,1.6801433183049734,0.5634839307559355,0.6944232757788951,0.21209131981035625,
bioplanet_927_Cell cycle negative regulation by p75 neurotrophin receptor,1.055189177551354,0.47218434718212554,0.7771180588861049,,0.45952578549152373
bioplanet_785_Fatty acyl-CoA biosynthesis,0.5482515620820122,0.6291854167246702,0.7889565445782453,,
bioplanet_136_Interleukin-10 anti-inflammatory signaling pathway,1.1559755447575981,0.6998173603047712,0.6715706015896635,,
bioplanet_4_Cell to cell adhesion signaling,1.3911114990636464,0.7327200723814454,1.8731857440788418,0.43574603880913026,
bioplanet_821_Iron metabolism in placenta,1.3909933290503247,0.7845200500837896,1.1504047013628311,2.1093095299550693,
GAVISH_3CA_MALIGNANT_METAPROGRAM_4_CHROMATIN,1.9886372174400138,1.522583822081223,1.8496233733863534,0.4382431151472897,
bioplanet_1329_Rapid glucocorticoid receptor pathway,1.0415115782426594,0.9031058674419808,0.8689426417412269,1.027187780961489,1.4725400435767186
bioplanet_1606_Nephrin interactions,1.503408841707134,0.48853981341864666,2.118999629242539,1.1316453649672515,
bioplanet_394_Steroid biosynthesis,1.5203832421753873,1.0909243275835108,0.6759372117441482,,
bioplanet_139_Interleukin-22 soluble receptor signaling pathway,1.3231055293958875,0.8755759036335063,1.0941467200494277,,
bioplanet_1160_Destabilization of mRNA by butyrate response factor 1 (BRF1),1.3777124453195952,1.3769169440582587,1.6940459240643695,,1.4908901424736094
bioplanet_242_Polyadenylation of mRNA,0.8471538127087591,0.24100303501532797,0.6464798970274754,,
bioplanet_1567_Activation of chaperones by IRE1 alpha,1.0097174400602946,1.6308700607518145,0.921366765707493,,0.36852221337201835
bioplanet_76_Attenuation of GPCR signaling,1.5717644081036648,1.4635908990235513,1.8075999727942023,0.6452474389755554,
bioplanet_1646_Insulin secretion regulation by acetylcholine,1.4909270622084134,2.0905799910026945,1.4910134141377118,0.5275640100735709,1.67474272136084
bioplanet_566_S6K1 signaling,1.8014812223555423,0.607183017860578,0.6593253092142439,1.0465236721190478,0.9834073088407118
bioplanet_1637_RSK activation,1.8020331713687718,0.8949287416658611,1.7534416134608855,0.6071863739581221,
bioplanet_660_Death receptor signaling,1.3985335719903536,,0.7964660831006407,,
bioplanet_91_Skeletal muscle hypertrophy is regulated via AKT/mTOR pathway,0.994531814005197,,0.46414183496372613,,
bioplanet_1607_Neurofascin interactions,0.32499159012896334,0.6053609512330458,0.376150131372049,,
bioplanet_58_Protein kinase A (PKA) at the centrosome,1.4074096603171122,0.8725479257000964,1.6413097288835827,0.07703554994233765,
bioplanet_1403_Mitotic metaphase/anaphase transition,1.7147484081800917,2.602570658039896,1.065213918476843,,
bioplanet_436_Anandamide metabolism,1.5741898670668792,0.9460303121981651,1.022055146619315,,
bioplanet_1599_Activation of pro-caspase 8,1.3768529752174026,,,,
bioplanet_52_Chromatin remodeling by hSWI/SNF ATP-dependent complexes,2.2572699624007226,,1.328672192400747,,
bioplanet_916_Negative regulation of the PI3K/Akt network,1.4072793173594547,0.8256731861386628,0.8149575571056498,,
bioplanet_430_Shuttle for transfer of acetyl groups from mitochondria to the cytosol,1.7985866984472891,1.230895894131778,1.0915932276244817,2.2898117599339947,
bioplanet_426_Ghrelin-mediated regulation of food intake and energy homeostasis,1.856889202475806,1.1760886950290765,1.414463124647096,,
bioplanet_1654_Gene expression regulation in late stage pancreatic bud precursor cells,2.069733147422001,1.3729910664910054,0.7868093985313865,,
bioplanet_739_Phosphatidylglycerol biosynthesis,1.6242227458268983,0.9848139280976457,1.0919535227249597,,
bioplanet_1163_Intronless pre-mRNA processing,1.0073808085205618,0.36758705949210607,0.8048833411182059,,
"bioplanet_340_Valine, leucine and isoleucine biosynthesis",1.0749647193218288,0.7659441187544769,0.4482358380347782,,
bioplanet_816_Protein metabolism,0.5265929462701758,,0.7093409923389843,1.7797296299797796,1.2195703201280537
bioplanet_603_Plexin D1 signaling,0.7025769328119738,,,,
bioplanet_26_D4-GDI signaling pathway,0.6489472558027042,0.4726865282566552,0.3770271351088313,,
bioplanet_968_Acyl chain remodeling of cardiolipin,1.150693092311536,0.5565654868165185,1.0913622962707583,0.3381629282658221,
HALLMARK_TGF_BETA_SIGNALING,1.0084004077862725,1.0104897973244389,1.2421122259441022,0.5091108588779815,
bioplanet_571_Interleukin-9 signaling pathway,1.0193713786841219,0.45800920127593997,0.655885768771586,,
bioplanet_1379_Rac1 cell motility signaling pathway,0.7795956137743625,,1.1247026854869657,2.3864602288460497,
bioplanet_1111_Beta-catenin phosphorylation cascade,1.3051954477763177,,1.375422946491342,,
bioplanet_999_Nectin adhesion pathway,1.3004044469705884,,2.06925547518405,0.39842704067557305,
bioplanet_1572_Interactions of HIV Vpr protein with host cellular proteins,0.5070938643540909,,0.27958811715230264,,
bioplanet_1005_Apoptotic execution  phase,1.440392682871698,,,,
bioplanet_77_Stress fiber formation mediated by Rho-selective guanine exchange factor AKAP13,1.3619269455507625,0.6104989029275162,1.4807699181442808,0.6295041290512007,
bioplanet_44_AKAP95 role in mitosis and chromosome dynamics,1.3991362169735693,,,0.945535774559325,0.9525935204055818
bioplanet_1645_Gene expression regulation by hypoxia-inducible factor,1.2325100882245719,1.7925035184451046,0.7229365110142123,,
GAVISH_3CA_MALIGNANT_METAPROGRAM_29_NPC_OPC,1.748766632473106,,,,
bioplanet_967_Hydrolysis of lysophosphatidylcholine (LPC),1.1529120563715458,0.5760741831145005,0.7076191143818849,,
bioplanet_751_N-glycan precursor substrate biosynthesis,0.3914185063101511,0.7500164682584665,1.046913942070207,,1.358969257892154
bioplanet_687_Integrin-linked kinase signaling,1.1028030906358985,,,,
bioplanet_270_RNA polymerase III transcription,1.1422339547471572,,,,
bioplanet_334_West Nile virus infection,1.7228629456791082,0.33343422257746314,,1.4094700852098954,
bioplanet_992_Adherens junction actin cytoskeletal organization,1.789164819215731,,2.1650363560889425,,
bioplanet_1382_HNF3A pathway,0.7632992752989979,,,,
bioplanet_423_ER-associated degradation (ERAD) pathway,0.34838449368108915,,,,0.28981718855512373
HALLMARK_PROTEIN_SECRETION,0.2691984327101147,,,2.7218275401257617,0.3145679331690838
bioplanet_1368_PIK3C1/AKT pathway,1.0283489456564283,,,1.273043285448453,0.2678392999337557
bioplanet_253_Telomerase protein component gene hTERT transcriptional regulation,0.8828647254621698,,0.6715413920937051,,
bioplanet_599_TGF-beta signaling in gastrointestinal stem cells,1.1665721930725845,0.6609275491115297,1.0177750631302,,
bioplanet_996_Post-translational regulation of adherens junction stability and disassembly,1.2989824891818462,,2.060429605112423,0.46098803623057655,
bioplanet_930_Reversible hydration of carbon dioxide,1.5797966719601322,0.5831864104358027,1.0327790455970187,0.4626461011414132,
bioplanet_1742_Ovarian infertility genes,1.645400370876228,,,,
bioplanet_1398_HIV-1 early elongation complex formation,1.5205836932876657,,0.8225993317527024,,
"bioplanet_66_Telomeres, telomerase, cellular aging, and immortality",1.5503912783393776,,,,
bioplanet_1695_STAT3 pathway,0.8036861309243765,0.8743310238850521,0.7365535663251951,,
bioplanet_286_Thyroid cancer,1.2501755567757478,,,0.23280802512715693,
bioplanet_1108_Hormone-sensitive lipase (HSL)-mediated triacylglycerol hydrolysis,1.415175080265981,0.8872146694313102,0.6202297768436786,1.1503251773442278,0.6432780055559065
bioplanet_332_Alternative complement pathway,1.6708831908917345,2.458841831606498,2.0609518429021403,,
bioplanet_1101_Transferrin endocytosis and recycling,0.6513464753095372,,,,
GAVISH_3CA_METAPROGRAM_CD8_T_CELLS_CELL_CYCLE,,0.5922170132387704,1.2993602706886005,,
GAVISH_3CA_METAPROGRAM_FIBROBLASTS_CELL_CYCLE,,0.588158604903589,1.6581811336357937,,
GAVISH_3CA_METAPROGRAM_EPITHELIAL_CELL_CYCLE,,0.5491753556251143,1.499267136006377,,
GAVISH_3CA_METAPROGRAM_ENDOTHELIAL_CELL_CYCLE,,0.5939485853316824,1.4075771712516136,,
GAVISH_3CA_METAPROGRAM_CD4_T_CELLS_CELL_CYCLE,,0.5300480945139301,1.4220788496584618,,
GAVISH_3CA_MALIGNANT_METAPROGRAM_1_CELL_CYCLE_G2_M,,0.5535917158927659,1.2734559357586244,,
bioplanet_1231_ERK inactivation,,1.9913052109716636,,0.20254535438762805,0.9564295278506514
bioplanet_98_Activation of PKC through G-protein coupled receptors,,0.35092533305764456,0.6132919972143127,0.18729704120056243,
bioplanet_1716_SRF and microRNAs in smooth muscle differentiation and proliferation,,0.5828772488503878,1.2900483672540306,,1.8829510279540371
bioplanet_774_Pyrimidine biosynthesis,,0.4197886928872715,1.8140361581627098,,
bioplanet_16_Apoptotic DNA fragmentation and tissue homeostasis,,0.5348574054856732,0.6843699656850403,,
GAVISH_3CA_MALIGNANT_METAPROGRAM_38_GLUTATHIONE,,0.46051160848865896,,0.9775307097172077,
bioplanet_1357_p38 gamma/delta MAPK pathway,,0.45803054012761024,,,
HALLMARK_TNFA_SIGNALING_VIA_NFKB,,0.43556927367744575,,,
bioplanet_486_Fatty acid biosynthesis,,0.3742998242938752,0.39260039312839917,0.18657630460895078,
bioplanet_1622_Phosphorylation of Emi1,,0.5124380672519152,0.8217904552652114,,
bioplanet_210_CD40L signaling pathway,,0.19267762445800043,,,
bioplanet_1223_Calcitonin-like ligand receptors,,0.5192765739001934,,,
bioplanet_1657_Resolution of AP sites via the single-nucleotide replacement pathway,,0.4714073253880426,,,
bioplanet_1419_Fibroblast growth factor 1,,0.4688579086517244,,,
bioplanet_150_Calcineurin in effects in keratinocyte differentiation,,0.5530043629921718,,0.5680188617413509,0.4450657571154031
bioplanet_957_Beta-oxidation of very long chain fatty acids,,1.1758410605108556,,1.9633434981921931,
bioplanet_767_Eicosanoid biosynthesis,,0.2575267500614746,0.44380914821505774,,0.23765256870967397
bioplanet_1023_Inactivation of BCL-2 by BH3-only proteins,,0.47252258822640153,,,
bioplanet_1731_Irinotecan pathway,,0.6410900696341391,,0.16280372638659107,
bioplanet_721_Serotonin receptor 4/6/7 and NR3C signaling,,0.5981491007423162,,0.3627575257943856,1.1576407444142731
bioplanet_70_Influence of Ras and Rho proteins on G1 to S transition,,0.4894990088029682,,0.9089946197074079,
bioplanet_1275_Bone remodeling,,0.37556402699836006,,,
GAVISH_3CA_METAPROGRAM_FIBROBLASTS_CAF_5,,0.47564952780640046,1.2329660690122226,2.040571136336989,0.40442607212068726
bioplanet_1371_HIF-1 transcriptional activity in hypoxia,,0.7152107035048865,,0.40534707118754476,
bioplanet_392_Fatty acid metabolism,,0.3610227627275826,,1.9297384897339882,
GAVISH_3CA_MALIGNANT_METAPROGRAM_2_CELL_CYCLE_G1_S,,0.47214954959149363,0.5487036093036117,,
bioplanet_402_Alpha-linolenic acid metabolism,,0.2659449052188501,1.3418695942075074,0.11896442297611749,
bioplanet_1647_Insulin secretion regulation by fatty acids bound to GPR40 (FFAR1),,0.7600082106892223,,0.46610813454353434,
bioplanet_911_EGFR transactivation by gastrin,,0.5246858595951653,,,
GAVISH_3CA_METAPROGRAM_ENDOTHELIAL_HEV_2,,0.4878603455688672,,,
bioplanet_962_PP2A-mediated dephosphorylation of key metabolic factors,,1.6201286151570893,1.337086751887439,,1.3501505112381642
bioplanet_248_Double stranded RNA-induced gene expression,,0.37508706799610636,0.6178726916025697,,
bioplanet_249_E2F1 destruction pathway,,1.5280898445323938,0.7561562011984136,,
bioplanet_674_Interferon gamma signaling regulation,,0.9725144028298114,0.7535756661203629,,0.22669047686868066
bioplanet_97_PELP1 modulation of estrogen receptor activity,,0.9270186822626498,,,1.3194845177363752
bioplanet_1729_Fatty acid omega oxidation,,0.4486465832926464,,,
bioplanet_1051_Transport of nucleotide sugars,,0.6826295534544036,,1.4022709816576524,0.3051168287856501
bioplanet_1191_Mechanisms of transcriptional repression by DNA methylation,,0.6448370258420744,0.8975028032422921,,
bioplanet_848_Benzo(a)pyrene metabolism,,0.5022013580695399,,0.9982974382422263,
bioplanet_1262_Pre-NOTCH processing in Golgi,,0.5164422418266881,,,0.4431520435589068
bioplanet_1096_COPII-mediated vesicle transport,,2.288438995883597,,,0.23714171828445837
bioplanet_1524_ER quality control compartment (ERQC),,0.46013295153431527,,,
bioplanet_1676_Interleukin-1-beta (IL-1b) processing pathway,,0.9708679901910615,0.9523621588759646,,
bioplanet_1651_Cytoskeletal remodeling regulation and cell spreading by IPP complex components,,0.4801394454191319,0.7081246229935044,,
bioplanet_737_Phosphatidylcholine biosynthesis,,0.45922613400656725,,,
bioplanet_1222_CREB phosphorylation,,0.62109624972579,1.3673693788367896,,
bioplanet_161_Proteolysis and signaling pathway of Notch,,0.44170869961327225,,,
bioplanet_1181_Homologous DNA pairing and strand exchange,,0.3804832544584872,1.1089583893563213,,
bioplanet_1182_Unwinding of DNA,,1.0850828583166519,0.5807197938431479,,
HALLMARK_E2F_TARGETS,,0.6874309476490673,0.6646810053069038,,
bioplanet_956_Beta-oxidation of pristanoyl-CoA,,0.4564091099119851,0.6228274467086147,0.22314724426710078,
bioplanet_872_Alpha-linolenic (omega3) and linoleic (omega6) acid metabolism,,0.5949620621540387,,0.32259692343962165,
bioplanet_868_Glucocorticoid and mineralcorticoid metabolism,,0.8644676981102754,,0.573745727931475,
bioplanet_975_O-linked glycosylation of mucins,,0.8138488549556511,,,
bioplanet_1658_Resolution of abasic sites (AP sites),,1.0541859593290153,,,
bioplanet_960_ChREBP activates metabolic gene expression,,1.1840470451843972,,,
bioplanet_792_Gap-filling DNA repair biosynthesis and ligation in global genomic nucleotide excision repair,,0.47641677500420143,,,
bioplanet_1355_ALK2 pathway,,1.2348372190504775,,,
bioplanet_548_Fas signaling pathway in cardiomyocytes,,0.9767972452099584,,,
bioplanet_1166_Post-transcriptional silencing by small RNAs,,1.664195708987459,,,
bioplanet_766_Lagging strand processive biosynthesis,,0.4429783976503092,0.3818102903690057,,
bioplanet_513_Signaling by FGFR1 fusion mutants,,0.5146873653291248,,,
bioplanet_1672_PI3K class IB pathway,,0.8314774267483682,,,
bioplanet_1542_G1/S-specific transcription,,0.3376776828480784,1.146593962784047,,
bioplanet_403_Biosynthesis of unsaturated fatty acids,,0.4180321658668173,,,
bioplanet_914_AKT phosphorylation of cytosolic targets,,1.1750045987160767,,,
GAVISH_3CA_MALIGNANT_METAPROGRAM_31_ALVEOLAR,,0.28601095789990066,,,
bioplanet_1055_Zinc transporters,,0.2628988557736129,,,
bioplanet_346_Phenylalanine metabolism,,0.8850405288028541,,,
bioplanet_1071_Organic cation transport,,0.9829484690670935,,,
bioplanet_407_Cyanoamino acid metabolism,,1.5765297991462046,,,
bioplanet_428_Low-density lipoprotein (LDL) pathway during atherogenesis,,0.6213216409655647,,,
bioplanet_1176_DNA strand elongation,,0.6131756906774063,,,
bioplanet_370_Amino sugar and nucleotide sugar metabolism,,0.28482426438238917,,,
bioplanet_78_Beta-arrestins in GPCR desensitization,,0.9262581417927581,1.1727500195347556,,
bioplanet_22_PTEN-dependent cell cycle arrest and apoptosis,,1.048691335919759,,,
bioplanet_267_Mismatch repair,,0.5681773715323017,,,
bioplanet_125_CARM1 transcriptional regulation by protein methylation,,1.8027703978510337,,,
bioplanet_758_Glycogen biosynthesis,,0.25536892447992626,,,
bioplanet_1719_Nitric oxide effects,,,1.852714090584011,,
bioplanet_1523_Dual incision reaction in TC-NER,,,1.2824890401662261,,
GAVISH_3CA_METAPROGRAM_FIBROBLASTS_LIPID_METABOLISM,,,0.7421344008926749,,
bioplanet_276_Alpha-hemoglobin stabilizing enzyme (AHSP) pathway,,,1.6171058314874074,,
bioplanet_373_Glyoxylate and dicarboxylate metabolism,,,1.2286036154258895,,
bioplanet_488_Estrogen receptor signaling pathway,,,0.6005653822623096,,1.715084898651351
bioplanet_20_Stress induction of HSP regulation,,,0.5441628104924322,1.1225940570033288,0.4744391016701374
bioplanet_679_Glycoprotein 1b-IX-V activation signaling,,,0.8184661521392851,,
bioplanet_884_APC/C- and Cdc20-mediated degradation of Nek2A,,,0.9780128002740609,0.8280532318300384,
bioplanet_765_Amino acid biosynthesis and interconversion (transamination),,,0.5186224303248661,,
bioplanet_1649_Insulin-like growth factor (IGF) activity regulation by insulin-like growth factor binding proteins (IGFBPs),,,1.09692936572564,,
bioplanet_936_Phenylalanine and tyrosine catabolism,,,0.8970576932959077,,
bioplanet_1057_Passive transport by aquaporins,,,0.5735082583009832,,
bioplanet_269_Non-homologous end-joining (NHEJ) pathway,,,1.3312408430135085,,
GAVISH_3CA_METAPROGRAM_ENDOTHELIAL_ENDO_2,,,0.9272945319222763,,
bioplanet_815_Porphyrin metabolism,,,0.6420840517767442,,
bioplanet_443_Prion pathway,,,0.4195079562231622,,
bioplanet_64_CDK regulation of DNA replication,,,1.072699644435848,,
bioplanet_1615_Oxygen/carbon dioxide exchange in erythrocytes,,,,0.8233181088211221,
bioplanet_1639_Initiation of the second proteolytic cleavage of Notch receptor by receptor-ligand binding,,,,0.7345338122230196,0.4014135370282956
bioplanet_924_TRAF6-mediated induction of TAK1 complex,,,,0.5556783226046529,0.3885475070032253
bioplanet_1196_Association of licensing factors with the pre-replicative complex,,,,0.9368868236452444,
HALLMARK_ADIPOGENESIS,,,,1.4384415458986148,
bioplanet_861_Abacavir transport and metabolism,,,,0.42829166312288297,
bioplanet_208_CCR3 signaling in eosinophils,,,,1.5242566427164925,0.7798051702857968
bioplanet_695_DCC-mediated attractive signaling,,,,1.0406720969639254,0.34509573459550297
bioplanet_903_DARPP-32 events,,,,1.0048585974018824,
bioplanet_1503_Clathrin derived vesicle budding,,,,1.519323218654435,0.35940702689382437
GAVISH_3CA_MALIGNANT_METAPROGRAM_34_PLATELET_ACTIVATION,,,,1.5376015148565239,0.30623454916676107
bioplanet_1072_Iron uptake and transport,,,,1.5465497416421088,
bioplanet_578_CDC42 signaling events,,,,1.0597084061688309,
GAVISH_3CA_METAPROGRAM_MACROPHAGES_MAC_2,,,,1.9688559593136843,0.3425872130499967
HALLMARK_FATTY_ACID_METABOLISM,,,,1.9564518977991099,
bioplanet_95_Nitric oxide signaling pathway,,,,1.6900335170302418,
bioplanet_177_Angiotensin II-mediated activation of JNK pathway via Pyk2-dependent signaling,,,,0.8121911964370815,0.2800281379346801
bioplanet_132_fMLP induced chemokine gene expression in HMC-1 cells,,,,0.21056459895107324,
bioplanet_923_Semaphorin interactions,,,,0.4547208334941148,
bioplanet_906_Disease,,,,1.4991939682439854,
GAVISH_3CA_METAPROGRAM_MACROPHAGES_LIPID_ASSOCIATED,,,,1.0861222008521016,
bioplanet_33_Inhibition of activated T cell apoptosis by neuropeptides VIP and PACAP,,,,0.9041832887663324,
bioplanet_1585_Membrane trafficking,,,,1.989980816378308,0.33978131311459303
bioplanet_824_Glucose metabolism,,,,1.514966323564098,1.8594414284779828
bioplanet_506_Signal transduction by L1,,,,0.5071530046442129,
bioplanet_104_Ras signaling pathway,,,,0.19340687976487372,0.4981058533416278
bioplanet_5_Collagen binding in corneal epithelia mediated by Erk and PI-3 Kinase,,,,0.6694039054060331,0.38613525142953203
bioplanet_776_Prostaglandin biosynthesis and regulation,,,,0.5735636935273324,
bioplanet_458_Aldosterone-regulated sodium reabsorption,,,,0.7385275488984974,
bioplanet_9_Rho cell motility signaling pathway,,,,0.7084583094039711,0.42493544096368335
GAVISH_3CA_MALIGNANT_METAPROGRAM_25_ASTROCYTES,,,,0.23168603285656925,
bioplanet_35_Free radical-induced apoptosis,,,,0.8743149093979005,
bioplanet_608_PDGFB signaling pathway,,,,1.9389701118764469,
bioplanet_1376_PI3K/PLC/TRK pathway,,,,2.164174777381759,0.24502905555268217
bioplanet_1514_Cyclin D-associated events in G1,,,,0.24949975313448894,
GAVISH_3CA_MALIGNANT_METAPROGRAM_33_RBCS,,,,1.829662901425516,
bioplanet_1660_Response to elevated platelet cytosolic calcium,,,,0.7416267160467584,
bioplanet_912_SHC-related events,,,,1.4572135344556394,
bioplanet_1097_Cytosolic sulfonation of small molecules,,,,0.7299239372713021,
bioplanet_1012_Apoptosis intrinsic pathway,,,,0.18877952539333825,
bioplanet_1515_Down syndrome cell adhesion molecule (DSCAM) interactions,,,,0.30457684200157037,
bioplanet_523_Signaling by Robo receptor,,,,2.2588000016524603,
bioplanet_1015_Mitochondrial pathway of apoptosis: multidomain Bcl-2 family,,,,0.3794643860722014,0.3286821078793455
HALLMARK_PEROXISOME,,,,0.6585144949070725,
bioplanet_849_Sulfur amino acid metabolism,,,,0.9447632647839697,
bioplanet_377_Nitrogen metabolism,,,,0.20428063974045965,
bioplanet_722_Calcineurin-dependent NFAT signaling role in lymphocytes,,,,1.4902390572941153,
bioplanet_1017_Mitochondrial pathway of apoptosis: caspases,,,,0.6215912576321354,
bioplanet_174_PGC-1a regulation,,,,0.44491876367257827,
bioplanet_1245_FRS2-mediated activation,,,,1.3170962231031431,
bioplanet_1702_Fatty acid beta oxidation,,,,1.326637815619849,
bioplanet_832_Glycogen metabolism,,,,0.657859683730243,
bioplanet_655_Netrin-mediated signaling events,,,,0.2705767693448727,
bioplanet_1201_Activation of BH3-only proteins,,,,0.21194594258474792,
bioplanet_1198_Phase II of biological oxidations: conjugation,,,,1.965387006886888,
bioplanet_666_p75 neurotrophin receptor-mediated signaling,,,,0.6605934320322008,
bioplanet_271_Integrin signaling pathway,,,,0.33063082716325015,
GAVISH_3CA_METAPROGRAM_EPITHELIAL_EPISEN,,,,1.0238205247435241,0.3610704014733925
HALLMARK_PI3K_AKT_MTOR_SIGNALING,,,,1.2142792606836326,
bioplanet_372_Pyruvate metabolism,,,,0.5077359677494376,
HALLMARK_ANDROGEN_RESPONSE,,,,0.8552732715630104,0.2403091647575121
bioplanet_558_LKB1 signaling events,,,,2.3204990459807346,
bioplanet_852_Peroxisomal lipid metabolism,,,,0.4111539271490872,
bioplanet_1053_Ion transport by P-type ATPases,,,,0.8399138378508192,
bioplanet_1554_Activation of calcium-permeable kainate receptor,,,,0.3574106621956896,
bioplanet_198_Adherens junction cell adhesion,,,,0.6299948367878823,
bioplanet_448_Gastric acid secretion,,,,0.19149815684006408,
bioplanet_1577_Activation of kainate receptors upon glutamate binding,,,,0.18900237621599317,
bioplanet_449_Pancreatic secretion,,,,0.49702458177406367,
bioplanet_1349_ALK1 pathway,,,,2.317262134411381,
bioplanet_684_SHC1 events in ERBB2 signaling,,,,1.6412611378589341,
bioplanet_542_ADP signalling through P2Y purinoceptor 12,,,,0.9869371780498004,
bioplanet_482_Fanconi anemia pathway,,,,0.46992158121503713,
bioplanet_317_Amyotrophic lateral sclerosis (ALS),,,,1.480179002025525,
bioplanet_616_FoxO family signaling,,,,1.099411162547709,
bioplanet_1362_T cell receptor calcium pathway,,,,0.20272774553808473,0.5319599944604135
"bioplanet_339_Valine, leucine and isoleucine degradation",,,,0.6823537641968423,
bioplanet_375_Butanoate metabolism,,,,0.5335379306354958,
bioplanet_154_Progesterone-initiated oocyte maturation,,,,0.9195126781753434,
bioplanet_1767_Sulfation biotransformation reaction,,,,0.18557218614201548,
bioplanet_1768_Glucuronidation,,,,1.7720909965822869,
bioplanet_503_Signal amplification,,,,0.5166371123965379,
bioplanet_368_Ascorbate and aldarate metabolism,,,,1.4742799278971368,
bioplanet_319_Prion diseases,,,,0.2971721594716957,
bioplanet_206_GATA3-mediated activation of Th2 cytokine expression,,,,2.354269590502392,
bioplanet_475_Long-term potentiation,,,,0.5493665546312828,
bioplanet_1304_S1P/S1P3 pathway,,,,0.7944162259993707,
bioplanet_1387_Presynaptic function of kainate receptors,,,,0.2327694141094564,
bioplanet_1642_Recycling pathway of cell adhesion molecule L1,,,,0.25212925632434646,
bioplanet_365_Pentose and glucuronate interconversions,,,,1.416158713523278,
bioplanet_1155_Small interfering RNA (siRNA) biogenesis,,,,1.127066903903108,
bioplanet_1061_Serotonin transporter activity,,,,0.7491367169639315,
bioplanet_113_Ck1/Cdk5 regulation by type 1 glutamate receptors,,,,0.8656319570513658,
bioplanet_404_Beta-alanine metabolism,,,,0.5055343867252542,
bioplanet_678_G-protein beta-gamma signalling,,,,0.5167485701357046,
bioplanet_1648_Insulin secretion regulation by glucagon-like peptide-1,,,,1.6213648696220082,
bioplanet_461_Collecting duct acid secretion,,,,1.041859224427372,
bioplanet_597_Glucagon signaling in metabolic regulation,,,,1.0060002497261955,
bioplanet_254_SUMOylation by RanBP2 regulates transcriptional repression,,,,,0.4892538257595019
bioplanet_1473_Unfolded protein response,,,,,0.3595548557739544
bioplanet_48_Nerve growth factor (NGF) pathway,,,,,0.6901104377903873
bioplanet_991_Tight junction interactions,,,,,0.4595379510111992
bioplanet_459_Vasopressin-regulated water reabsorption,,,,,0.8991021633822037
bioplanet_1443_BDNF signaling pathway,,,,,0.34832978785883606
"bioplanet_671_Androgen receptor signaling, proteolysis, and transcription regulation",,,,,0.34849920192198924
bioplanet_102_Phosphoinositides and their downstream targets,,,,,0.34003566124126217
bioplanet_1365_Syndecan 2 pathway,,,,,0.2946865852652988
bioplanet_593_PI3K/AKT signalling,,,,,0.4706092150377628
bioplanet_135_IGF1 signaling pathway,,,,,0.7682523355168143
bioplanet_491_Signaling events mediated by HDAC class II,,,,,0.3140012934230825
