,B,NK,T4,T8,cDC,cM,ncM
bioplanet_1529_Endosomal/vacuolar pathway,4.301761215909059,1.6818469706945813,2.1418687978007016,1.2209175742566811,2.4631856860649375,3.473264879655386,1.8215220183555096
bioplanet_29_TSP1-induced apoptosis in microvascular endothelial cell,0.2255904777877268,2.9206617146983476,2.9568286657092386,3.3521250062379404,0.7400321739388002,0.7744505590714047,1.5213227181800755
bioplanet_690_NF-kappaB activation,3.074520631065497,1.5083389333832766,0.18148162942669577,2.146072686384798,0.582093241814067,0.9806692357233111,0.42703074617910447
bioplanet_333_Salmonella infection,0.645384342020077,3.3192813016182163,2.3948001254915865,3.3716987354678167,1.9647408868994076,3.781102406189163,1.2791884238410576
bioplanet_250_Spliceosomal assembly,0.9663916523812478,1.77679983976423,2.02247325410082,1.9316428436280961,1.6325003546481174,2.0606196697810617,1.2991478764318816
bioplanet_41_Basic mechanisms of SUMOylation,0.45302995949668945,1.899495816372715,1.255421699734101,1.8053789605206623,0.3103701250507231,1.4443185219923667,0.6406508185675136
bioplanet_303_Allograft rejection,3.4253277892724183,4.660392891512768,1.4763545698918208,3.1449521318886244,0.599127308711853,1.5120320790672712,0.8601966455567641
bioplanet_1614_Activation of the AP-1 family of transcription factors,0.4988154551067616,3.4956019980669235,2.81808709126698,2.9279573697032113,1.4690334504792688,1.1644407806222496,1.4957641178168601
bioplanet_243_Internal ribosome entry pathway,0.5950881386569642,1.5158321682361993,1.1714470368019003,2.0960534810971962,0.5396543077786182,3.4238564563715013,1.4094669067502825
bioplanet_98_Activation of PKC through G-protein coupled receptors,3.2542632382930017,1.615238088466339,0.14873025960292202,1.7991263263070307,0.8044167125368231,0.799957131571176,0.6443386539663413
bioplanet_8_PI3K subunit p85 role in regulation of actin organization and cell migration,0.9167592420596945,2.596271472243752,1.873980963740481,2.28514377315107,2.4142766552469364,3.264502970326462,1.5040841283258493
bioplanet_300_Asthma,2.906978830184917,3.1379839655686443,1.1106303920017184,2.095481616817094,0.2589025107780927,1.178967691635948,0.2860845420245065
bioplanet_181_Cadmium-induced DNA biosynthesis and proliferation in macrophages,0.46236624144587973,2.560664488794177,1.5377765346433563,2.502227016113403,1.364333302979114,1.1281729855346811,1.2788857195062957
bioplanet_304_Graft-versus-host disease,3.116312089278487,4.715276536578832,1.2145909560141968,3.300230161735684,0.24520980317527133,1.3519397966043922,0.5690651059452363
bioplanet_167_Eukaryotic protein translation,2.330078519964244,3.3466774153431333,2.6343405329866703,3.087980904414046,1.7534139179430748,4.188038398154261,1.9891679982694555
bioplanet_1194_Integration of provirus,0.08759752689358706,1.6684063810407392,2.2203035809242753,2.3468354443981494,0.5839392175665954,0.4296035683413402,0.4459692040125643
bioplanet_298_Type 1 diabetes mellitus,3.0444523857387003,4.8373237834772125,1.0474827746664301,2.525987119720473,0.2881724497414123,1.4015689314635293,0.5328367474654737
bioplanet_178_Pertussis toxin-insensitive CCR5 signaling in macrophage,0.9405788898655266,1.5725029600005316,1.4446844592209398,1.2253183152897615,0.3021542063124205,0.3998771599018524,0.5799155024300529
"bioplanet_801_Respiratory electron transport, ATP biosynthesis by chemiosmotic coupling, and heat production by uncoupling proteins",1.3619993380600768,2.441076643663349,2.259375347467179,2.428341353249782,1.509623524303969,2.0467102207606884,1.803918163163675
bioplanet_1028_Influenza factor interactions with host,2.0207102458610677,1.215862189944522,2.3265956524425575,1.6813414267301767,1.715837590583512,0.7641498229125382,0.5182686654555172
bioplanet_83_MAP kinase pathway regulation through dual specificity phosphatases,0.6271038221523294,3.0588106303445564,2.2757047191034907,3.145907037320626,1.7553368784756405,1.5614887280293779,2.481821430590245
bioplanet_111_Calcium signaling by HBx of hepatitis B virus,0.6952074620708423,1.9115820219185446,1.6947122204475478,1.6722985551816079,1.5149068029162862,0.8121320362794865,2.0389736596917456
bioplanet_584_p75 neurotrophin receptor signaling via NF-kB,1.6447756967851148,0.5324268219323622,0.6903305616001217,0.6932949490950954,0.315428088675762,1.0389346213584392,0.13168159196636783
bioplanet_1481_Endothelial NOS activation,0.3717178207126943,1.203760239179628,1.8662949793525054,0.9638028743677393,0.6407108597808622,1.8611330764992113,1.0839496141686074
bioplanet_424_Electron transport reaction in mitochondria,1.162904134139674,0.6631932035968835,0.49432852390351173,1.0971942914765878,1.4737532566612408,1.2183781007364027,0.6188847256753163
bioplanet_1698_Translation factors,2.174723805365432,0.6923278748408811,2.7596752471066175,3.3883103817594633,2.0117130734890156,3.002004441038009,2.0430585419818863
bioplanet_45_Y branching of actin filaments,0.6311901889067002,1.8660310006313992,1.4409144027141316,2.1007686968632604,0.844737283131814,1.8554435270294396,1.4122644079121578
bioplanet_1510_Cross-presentation of particulate exogenous antigens (phagosomes),1.3859012251830338,0.7623705792520882,2.2557450880927985,0.9619105039840783,2.331903564816204,3.9199655369814423,3.0586339878561466
bioplanet_696_Downregulation of ERBB4 signaling,0.9234215684765843,1.9129047855340797,0.9953056975655014,0.7887766497820351,0.35226729271937746,0.7454949675343184,1.1747554387272034
bioplanet_1170_SLBP-dependent processing of replication-dependent histone pre-mRNAs,2.120924262566842,1.4107727004340302,1.7390920193706116,1.4471228091761486,1.0259941502443137,2.0993987988193616,0.8450155326741782
bioplanet_1537_Folding of actin by CCT/TriC,0.40073622946028864,1.3737005120521983,1.6272900050632801,1.7664394824844296,1.3970298104950745,0.7782768242494754,0.5323510468839447
bioplanet_879_Proteasome degradation,2.3001006225339076,2.1915790157321213,2.1022124230347417,2.0064510376142217,2.4963637412149793,2.8833987276324446,2.564943465866834
bioplanet_176_Repression of pain sensation by the transcriptional regulator DREAM,0.4129797864625139,2.2899657767066803,2.262712170580695,2.183074234080251,1.4563786453083025,1.7534175838104258,1.6859167244758113
bioplanet_210_CD40L signaling pathway,1.3768416653789726,2.2740928609405846,1.2832668909714808,2.2843544307943637,1.1743331552537069,1.3905636143663487,1.182684299750801
bioplanet_1137_Messenger RNA splicing: major pathway,1.4347984123890243,0.5671354496200207,1.57921199942316,1.5050903391975463,0.38447410663897313,2.3360484690391194,1.0140860571302812
bioplanet_148_Erythropoietin-mediated neuroprotection through NF-kB,2.312650283402063,1.4687024580834063,0.4270795652543387,1.7974786352180419,1.4731634288783526,1.2742643825552316,0.39631977081477826
bioplanet_564_PD-1 signaling,2.1106509300451077,3.4016315921062676,0.9198968651362343,1.995106533502506,0.39167586387988257,0.800178205619592,0.4823444863031997
bioplanet_1452_Antigen processing: cross presentation,2.317428665699858,2.126227549804242,2.0160668292423862,1.8405747434284454,2.354562368484245,2.891754117984616,2.8921262971096184
bioplanet_1275_Bone remodeling,0.9627132029214973,0.8823459721164622,0.7434201419234945,1.0485608187445359,0.31864710612221797,0.728189891887922,2.6090329330554365
bioplanet_464_Antigen processing and presentation,2.8829359641336407,3.2551482325100762,1.1431605525988584,1.3261751103100516,1.4535586353876497,1.7500255151101607,1.516875190937362
bioplanet_301_Autoimmune thyroid disease,2.603775841543814,4.3580285077534775,0.728413884747985,2.1496302383180046,0.2358156169417754,1.8743663054084139,0.34303761520192244
bioplanet_296_Viral myocarditis,2.0766296489733076,2.373102697660417,0.6201111602967826,1.43192703570331,0.29282040166962214,1.5364836182901784,0.49961905609897445
bioplanet_686_Interferon alpha/beta signaling,6.5660052958652075,4.20172543796507,5.215578340044085,3.2248304683275144,7.185713084814148,5.791088087797623,7.1534906125669915
bioplanet_26_D4-GDI signaling pathway,1.226391524732358,2.3571982876687962,0.6559841897700567,2.8380890670726306,1.429065818929528,0.47010880446511777,0.40542590541861373
bioplanet_1764_Arachidonate epoxygenase/epoxide hydrolase pathway,3.0590765415302865,1.8821445889235715,1.5857745998341677,1.7471078767196053,0.7318760879948888,0.2532969460019016,0.40569677491280454
bioplanet_1656_Fanconi anemia pathway regulation,1.2618131167765085,0.28666981289685234,0.49161399448142157,0.3091251124363808,0.479429185102764,0.6709161625904893,0.5209780597551764
"bioplanet_1666_cAMP receptor, G-protein-independent pathways inferred from amoeba model",2.16621261614989,0.4065259038896405,2.3904865555147223,1.2725189731739928,2.336976271251181,0.993808185241644,1.7504503717382256
bioplanet_474_Intestinal immune network for IgA production,2.275340282585792,4.427538147761832,0.9863783114291923,1.448548474547576,0.14277941650827858,1.686360980409046,0.314252901517957
bioplanet_1032_Assembly of HIV virion,0.4043316276029914,0.41126983616738705,0.2586775230921161,0.3108298588464226,0.5301962811750023,0.7123538009881094,0.2113139975884134
bioplanet_831_Selenium metabolism and selenoproteins,0.45959151345343496,2.4638941304652398,2.290443975076723,2.3094651759658387,1.5667188173672024,1.74629093965247,1.3529456897737078
bioplanet_1135_Messenger RNA splicing: minor pathway,1.275344231691465,0.4732162244553803,0.7882979961928946,0.925785688678135,1.2038226885323402,1.2454347890338224,0.16501528741674099
"bioplanet_1157_Activation of mRNA upon binding of the cap-binding complex and eIFs, and subsequent binding to 43S",2.228784508895384,0.4908371709066584,2.61046474872026,3.1893177196852602,1.3209758658892956,2.0566670547514065,1.8902414460574777
bioplanet_1102_Tricarboxylic acid (TCA) cycle and respiratory electron transport,1.259107204941916,1.6558897723722092,1.3798298261389443,1.6722784921042453,1.01599825494262,1.2378875008865058,1.4077331561112825
bioplanet_1169_HIV life cycle early phase,0.8831658153422347,0.30767651813899805,0.8366840277757817,1.3774194899950427,1.0205852256837118,0.21074412560327319,0.6903933191672893
bioplanet_123_TNFR2 signaling pathway,0.7532728013211409,2.0034561183322404,1.0754092847292376,1.9719045949367944,1.1800989221383522,1.2516089052525958,0.7034269041522105
bioplanet_898_Generation of second messenger molecules,1.9419218627411345,4.3155002244779315,1.046515410117031,1.927454675396354,0.6784153663950636,0.9131365278076476,0.4235021533906188
bioplanet_1059_Electron transport chain,1.9175680999644904,1.4045899455390762,1.2167989111330826,1.4380957802692003,0.782552907921685,1.0904161288125136,1.362486620016154
bioplanet_311_Leishmaniasis,1.479510801455342,2.9710735424968093,1.1958964101825595,1.3265570189638156,0.4675709894592328,0.8366024743996705,0.43071093538952343
bioplanet_322_B lymphocyte cell surface molecules,0.326183195482425,1.7956615739623873,1.9094761313401594,3.9025012216654287,1.0672842969583527,1.1761037519856539,0.1954672301550347
bioplanet_262_Protein export,1.9586298982217014,0.8666653836918053,0.9552370612075258,0.7577169295917222,0.4860565926047863,0.40740612083075156,0.6631024052806413
bioplanet_1423_Interleukin-3 regulation of hematopoietic cells,0.6187879964709603,2.037483562383232,1.2744853412633124,1.5005415804889555,1.9576593107080376,2.4468744818617907,2.740411811449306
bioplanet_1404_Cap-dependent translation initiation,2.2214007264429325,0.3455577903608476,2.96270405125106,3.3214822555413264,4.145631832689706,2.2800117569404854,2.185510569247952
bioplanet_1328_T cell receptor/Ras pathway,0.9797912744367911,1.6729135725911264,2.017084232073681,1.5452406478883436,3.3020567299468118,,1.7018386940900276
bioplanet_1705_Physiological and pathological hypertrophy  of the heart,1.2493914076644865,0.6407735503436647,0.49860050956418944,0.40380692838633003,0.601305492190763,0.5821524545508444,0.1037549236265345
bioplanet_1562_IRAK2-mediated activation of TAK1 complex,1.5901438976409952,0.9052062580967013,0.8102196629472751,0.5488384046695329,0.2024823159418716,0.7540671413596234,1.4202117960807703
bioplanet_80_Calcium/calmodulin-dependent protein kinase activation,1.2106377446983412,1.0259351509017232,0.6611702834105238,1.085270070277932,0.6425002206382487,1.9105848948860202,1.2287135043740849
bioplanet_883_Ubiquitin-mediated degradation of phosphorylated Cdc25A,1.3790730015895967,1.9939732055848467,1.6939624772831776,1.758034830215751,1.9804957745252398,2.0639985960292915,2.5857303667779212
bioplanet_1504_Cleavage of growing transcript in the termination region,3.8186028194058066,1.2908157792654402,1.5398377573473805,1.0782680516793939,0.85203434866125,2.3786669950089276,1.4279397858692042
bioplanet_1309_Alpha-V beta-3 integrin/OPN pathway,0.41509061380975937,1.4968962324984327,1.1569394315233144,1.5352672961821339,0.6283063306584927,0.5013130105583313,0.5069592951581983
bioplanet_669_TGF-beta receptor signaling in EMT (epithelial to mesenchymal transition),0.6855096925599324,3.9424858856182468,0.40236784687939203,0.41747673231858473,0.26573482410694427,2.109370846020158,0.8663317581003889
bioplanet_1564_Activation of chaperones by ATF6 alpha,1.3392139318536755,0.5352714819934,0.05708989778810926,0.400422794559819,1.0496417642171578,2.3323046594277765,0.61399127719184
bioplanet_528_Signaling by constitutively active EGFR,0.5233678719219432,0.29838135062295496,1.6307989547346005,0.4325309741501658,0.39165616169876327,0.2720307603410065,0.5101553977971028
"bioplanet_796_Tetrahydrobiopterin (BH4) biosynthesis, recycling, salvage and regulation",0.37596058954196504,0.5538612245783423,1.31701335779256,0.6251046894401956,0.49806111729807534,0.9040031431784263,0.7643740324427636
bioplanet_180_B cell survival pathway,0.506803528705261,1.4674346102409594,2.73031535714201,1.7815971773540906,1.2881374834699852,,1.8636271302957814
bioplanet_1509_Cooperation of prefoldin and TriC/CCT  in actin and tubulin folding,1.070504722224853,0.384625774547879,0.5509558628757297,0.844992686407135,0.5700008413764022,0.4053900632428266,0.42311642802886584
bioplanet_309_Pathogenic Escherichia coli infection,2.9958994192045756,0.5863857513452772,0.8781577977475993,0.7437785712128936,0.15802705534375744,1.4706699172086528,0.5814838754080554
bioplanet_87_Corticosteroids and cardioprotection,0.7936361698272594,1.2282546208743814,3.613418410653056,1.4068474105742979,0.5805046843083846,1.146798576688468,0.6046472107205952
bioplanet_907_Activation of NF-kappaB in B cells,0.7536929465863568,1.6232550882845038,1.550332223028085,1.41656220996677,1.7431303394778426,2.168366116342736,2.083139013214064
bioplanet_1276_Proteasome complex,0.7850135378988512,1.9780163611177206,1.4913804864645293,1.7528844452753243,1.997008338224857,2.231807634359997,2.3155242549237602
bioplanet_488_Estrogen receptor signaling pathway,0.6200299077943298,2.0364122724873184,1.3128695313422125,1.4620330687434582,1.7665034338681822,,1.0479937276125353
bioplanet_1159_Destabilization of mRNA by AUF1 (hnRNP D0),1.3546096675723527,2.0914538061870918,1.575839162607994,1.8082209473251472,2.216226515292884,2.245584697194038,2.3281516577122265
bioplanet_248_Double stranded RNA-induced gene expression,0.6272673600218909,0.21655290620974157,2.008307629864646,0.7511324038574033,1.396048700042759,0.48923158846556075,1.1561325354116339
bioplanet_720_Negative regulators of RIG-I/MDA5 signaling,1.7271114695406815,1.8922793365147719,2.0994899493700303,1.3596395161504098,2.2877981023067337,2.181696934016457,2.3514581671720474
bioplanet_1350_T cell receptor/JNK pathway,0.7203807653134524,0.47732152541333206,0.4915776562308152,0.4906315260704553,0.8614180279701369,0.6901463003889724,0.7323774857236298
bioplanet_316_Parkinson's disease,1.6903640196341319,1.1128807859679137,1.0126281312477832,1.1673376175138244,0.7067356096582349,0.9183252942361402,1.5394321405142735
bioplanet_668_TGF-beta receptor activation of SMADs,0.5424044395439603,0.9054358868722225,0.3785364277397634,0.308378291365602,0.9925120943976034,0.06098684425470507,0.8679249072054405
bioplanet_310_Shigellosis,0.5321404742399548,0.2941659522928735,0.7589482293260787,0.4821654893053714,0.42102939612294193,0.39115354024838117,0.7466133288746258
bioplanet_1629_Post-chaperonin tubulin folding pathway,1.350659617110539,0.262881387925781,0.5343602049253185,0.3169980937681131,0.8396417619482577,0.9977462419133882,1.0115195553440495
bioplanet_260_Spliceosome,1.917557382906081,2.4595833029731744,1.6190695698848183,1.2940109546682717,1.3839222494305925,2.2052613054172925,1.1929404700663302
bioplanet_685_Sema4D in semaphorin signaling,1.059574092898268,1.1684154881936215,0.9323155803109024,1.1439975839377863,0.6926934351259965,1.226295447009431,0.8011243989764192
bioplanet_554_G13 signaling pathway,1.7044739702646186,0.4303076296757705,1.0489976653529631,0.7845714615891884,2.0548337479732233,0.9097089284043364,0.13851365947776043
bioplanet_244_Downregulation of MTA-3 in ER-negative breast tumors,2.1087487091298978,0.5498754041750116,0.5074346008243048,0.28824003146200455,1.3282430119878588,0.40233762514415533,1.577145074674589
bioplanet_1471_Translation,1.69657284077921,0.26240623242884725,1.749952644793012,2.331253425897589,1.1199545703654639,1.438824817120681,1.2543055211899539
bioplanet_1297_Atypical NF-kappaB pathway,1.557540883366083,1.2406610656330594,0.7370750111085007,0.8655120720937639,0.7359384905663959,0.6451456774802652,1.68140080388023
bioplanet_48_Nerve growth factor (NGF) pathway,0.6235983390375479,2.0830406160554578,2.0867649120994565,2.1217840183186043,,,1.3198370442949208
bioplanet_1283_Hypoxia-inducible factor in the cardivascular system,0.5864467710362895,0.32032418374158517,0.9323610590005339,0.4718747178231586,0.6064591730100224,0.34070253093497854,0.3908079998922061
bioplanet_1662_Sema3A/PAK-dependent axon repulsion,0.36537509067558066,0.4115038296510675,0.8581394018563753,0.4710681944980479,1.4614086051973862,0.9689354610560318,0.7454222689467884
bioplanet_1151_mRNA stability regulation by proteins that bind AU-rich elements,0.6673728007334406,1.5053918526262777,1.062062689400477,1.2792301339360772,1.3692130233584217,1.3460039202494467,1.2699843346885613
bioplanet_1023_Inactivation of BCL-2 by BH3-only proteins,2.3919776509815023,0.4824092467680427,1.2804787161284819,0.19132135594962,1.5597961667450102,1.516626503396321,0.705968755458149
bioplanet_691_Sprouty regulation of FGF signaling,1.5418147642824904,0.4088535891138493,0.40454299599670435,0.3185349081313586,0.34012198740321586,0.12875389689267872,0.4435778257526897
bioplanet_220_Effect of METS on macrophage differentiation,0.23694519223014232,2.254409274953065,1.7293356481968711,1.8075950723505994,1.1858035013242345,,1.6110575341689657
bioplanet_674_Interferon gamma signaling regulation,0.7093536667629602,1.6049279696197947,1.6825512258472068,0.786393335831846,1.8640684377160714,2.0644705590577135,1.8156696847771785
bioplanet_1167_Capped intron-containing pre-mRNA processing,2.462119663850949,0.42486345313980756,1.2484877011263609,1.0712566219231732,0.6081256119825007,2.201006567849945,0.5628165804679265
bioplanet_135_IGF1 signaling pathway,0.5511877832271046,2.060739094475123,2.0905658786542243,2.0850799985376804,,,1.531372237195457
bioplanet_49_4-1BB-dependent immune response,0.6790915728375971,1.3980660371770384,0.5513483132235845,1.6656640127747278,3.208576006033794,1.2959993639701386,1.0985054033725359
"bioplanet_440_Endocytotic role of NDK, phosphins and dynamin",0.5331527817685651,0.2988206481016999,0.5347426252063436,0.5933132953453943,0.2914900522355306,0.48816574457274997,0.6059930780690826
bioplanet_926_Activation of IRF3/IRF7 mediated by TBK1/IKK epsilon,3.631256190445561,0.7682063011870712,0.7214244942498542,0.4581491567474804,1.3176584679151662,2.0126118332650753,2.1450052844887075
bioplanet_1362_T cell receptor calcium pathway,0.39728628739575894,1.7714909528403016,1.770829604916622,1.5970388783354985,,,
bioplanet_563_Cell death signaling by NRIF in the nucleus,1.8385698261394623,0.27315502191131913,0.667420244452182,0.4489839356376751,1.663981687013296,0.39877073904817395,1.4012459913878925
bioplanet_875_Autodegradation of Cdh1 by Cdh1-APC/C,1.6932167315245155,2.049915975290329,1.8703688481411826,1.7972805902466384,2.238779648870296,2.145199748990088,2.213169329282995
bioplanet_714_Downregulation of ERBB2-ERBB3 signaling,0.6262535851851989,1.3564129206870283,0.3435710059804017,0.4911608391310398,,0.2698561909164414,
bioplanet_376_Oxidative phosphorylation,2.0480817508791183,0.9699726748064192,0.8588688723342717,1.004078390055042,0.6541763660857683,0.8955629772827141,1.7052274772401728
bioplanet_1116_Cyclin A-Cdk2-associated events at S phase entry,1.2753697927840097,1.5398991610431438,1.3010393165366028,1.345213757165167,1.5808014659502831,1.7942657017807417,2.467345408168725
bioplanet_873_Degradation of beta-catenin by the destruction complex,1.366510879161626,1.636486960503377,1.4489927093033221,1.4937552792528717,1.900664711670328,1.8039321674850497,2.6419798772440553
bioplanet_1546_BAD activation and translocation to mitochondria,1.365141086407513,0.6953321799828915,1.6587483990519296,0.8020663457457374,0.640343571946422,1.8704140573482964,0.394487254543752
bioplanet_1603_Nef-mediated CD4 downregulation,0.8738635521198752,0.24879467810719527,1.038110757232076,1.2363836261612169,0.9114442942128018,0.6568863816818288,0.48368895257488603
bioplanet_114_EGF receptor transactivation by GPCRs in cardiac hypertrophy,0.372506426849362,1.3670114163114262,1.0299248071388785,1.376515724696048,,,
bioplanet_1278_Interferon-beta enhancer pathway,0.3437938124371617,0.27731445089287754,0.07653212480213425,0.28455475049962875,2.7350514972495468,1.0290698435358094,0.8737086850097386
bioplanet_640_Alpha-4 beta-7 integrin signaling,1.4151845166419346,1.3503100544282203,3.797127584748396,2.090448285018287,0.9926854384075647,0.07377957637950015,0.9679002103646879
bioplanet_788_Viral messenger RNA biosynthesis,0.3661870277051448,0.21487410360273662,0.371673736054719,0.6360570786671115,0.8178196663739675,0.3199342062689746,1.4579300883233675
bioplanet_163_Oxidative stress-induced gene expression via Nrf2,0.5578883385123397,1.8143740662138368,1.6892992242558384,1.6324302761001892,1.116812443282439,,1.3155453705777662
bioplanet_89_Inhibition of cellular proliferation by Gleevec,0.6962538286466717,1.3477576717143418,0.7207471955700011,1.137479839624485,0.40344209192636227,0.4114129333554538,1.1396032407230898
bioplanet_1228_Downregulation of SMAD2/3-SMAD4 transcriptional activity,0.5137776517309756,0.0972408839381321,0.3164883563055281,0.09323845369660899,0.558207869660433,0.38865665614667716,0.479759382966503
bioplanet_119_Signaling pathway from G-protein families,1.0355561228724233,0.8958066236922958,0.9696366609831861,0.773322298757196,0.8122924699345716,0.37321322726495076,
bioplanet_124_TPO signaling pathway,1.0487444234505015,1.243770552919592,1.0036050919063897,1.1484962023232357,1.0688053273649882,0.24107721259320672,0.5774429181120228
bioplanet_166_eIF2 regulation,1.4468020932207106,2.8386179358509724,2.921173388896916,1.6612462716483978,2.8774509645061688,3.610003531891825,2.0941759312632655
bioplanet_664_Interferon-gamma signaling pathway,2.1028262068611228,0.9783729219942512,1.1344519378466316,0.8270301498623839,1.8839268710289625,1.78757861086882,2.2995088877493868
bioplanet_1747_Oxidative stress,1.5212732229268207,1.2954729222403611,1.31504674972897,0.982516532614988,,0.6502616303946283,1.1336060561722217
bioplanet_1113_HIV factor interactions with host,0.5914451571096748,0.9873558780095556,0.9553235082699041,1.145046554383884,0.9189869966789486,0.9566872964895996,0.9872014598517238
bioplanet_1579_Lysosome vesicle biogenesis,0.5449925878624522,0.6440823264041604,0.15233353060144014,0.4725078094838524,0.4522893443836779,0.8673791332546649,1.4747641596333838
bioplanet_1324_Arf6 vesicle-mediated transport,0.6188633993238376,0.8649506871382026,0.6228899182300125,0.6942184225777213,1.1755697463349644,0.6407547329596588,0.6859807563209132
bioplanet_611_Interferon signaling,3.5140301429142786,1.8720519758094794,2.4277149573539933,1.5805252994031838,3.429057594912185,2.5806211841817768,3.318301077097263
bioplanet_955_Glycolysis,1.1007638215510274,0.565746077455734,0.8972610244695214,0.6295281066381817,0.6314239065208952,0.5855158768439391,0.5977968862793164
bioplanet_1007_Apoptotic factor-mediated response,0.24159512709818143,0.14273598744763186,0.26391332867408984,0.2736283619813185,0.2897732652880937,0.42259618534827326,0.7353283944782922
bioplanet_1493_CD28-dependent Vav1 pathway,1.1898968430793062,0.598767987716427,0.7784947571953408,0.7265707262839673,2.286811773334666,1.6056235788037263,1.2547889569805217
bioplanet_204_Phagosome,1.508576597879776,0.5762631655320012,0.639949755372984,0.8126008556161596,0.08444653718014455,0.8122164758429723,0.8516406504348725
bioplanet_1132_Messenger RNA decay by 5' to 3' exoribonuclease,1.1939082319810994,0.4149181181006814,1.6367168496750735,1.4196639495549637,0.40345041493217015,0.2130810574006516,0.4990002271543618
bioplanet_1160_Destabilization of mRNA by butyrate response factor 1 (BRF1),1.6217087403909978,1.019765303152924,0.4814999485815177,0.43884022785774307,0.876917812807184,0.9815230309457726,2.836371756578517
bioplanet_1066_COPI-mediated vesicle transport,1.4245966648992054,0.6712524242072242,0.3750313614100702,0.38426428626681325,2.392348470274014,0.755252501482628,0.617801438882405
bioplanet_69_p27 phosphorylation regulation during cell cycle progression,1.1206288348178584,1.1399337646462566,0.6670931322451931,0.583045426839055,0.6226886563901843,0.6902943652942983,0.8465857225762035
bioplanet_3_AKT signaling pathway,0.9169673582088995,0.7356587209310277,1.5048734135629116,1.1840717781003924,,,0.3010888849605606
bioplanet_1408_Licensing factor removal from origins,1.2959338286034934,1.7853459779377814,1.4812592336649413,1.525476524744872,2.024936107630389,1.862946942749079,2.5236023254944837
bioplanet_16_Apoptotic DNA fragmentation and tissue homeostasis,0.6931721978600349,1.5718788194877114,0.6262526630593528,2.7101691454675874,0.15883649461870833,0.31440493689449095,0.5696989605779146
bioplanet_1500_Cellular response to hypoxia,0.3634918812009084,0.8366241847493251,0.3196152873597491,0.15705351365357514,0.8724673678798918,0.4420663110287044,0.21886628972404892
bioplanet_12_Granzyme A-mediated apoptosis pathway,1.4958753294293816,3.373233538364804,0.4563540898775605,5.290245226459736,0.6694397174514575,0.4252491796602513,0.8689439283038467
bioplanet_321_Bystander B cell activation,0.38949860970392586,2.0749144065165015,2.42314233088014,2.771453162284429,,1.6244222247865712,0.46486448493043386
bioplanet_327_SARS coronavirus protease,1.877164943429736,0.9086513804339261,2.62857039660423,2.0744816555192465,1.2348127297825475,1.5093357679479533,0.8030013072712163
bioplanet_59_BTG family proteins and cell cycle regulation,0.7639259570746603,1.4842247789432776,1.415970318093537,1.246940362489871,1.1259712073634645,2.0018249539390114,3.1190126628402886
bioplanet_1422_Interleukin-11 pathway,0.630315543151018,2.16182772459512,1.425056981339032,1.69651594184174,1.020354051571378,1.0935095724067807,1.2088029534559246
bioplanet_147_Signal transduction through IL-1R,0.5711982580364667,1.583381048938886,1.2047876543758917,1.6240956342164443,1.6950152919716934,1.4066761188582013,1.8906910084101063
bioplanet_1168_Post-elongation processing of intronless pre-mRNA,3.824746686317589,0.4270739542090977,1.2168826593204456,0.8368748824159279,0.8635262852088432,1.7600315520010545,0.1093076520788004
bioplanet_1138_Messenger RNA processing,2.901343687627073,1.4108290230800042,1.2896415018870404,0.9547630819770113,0.8029384300416881,2.0884329244605375,
bioplanet_133_Interferon-alpha signaling pathway,2.567171519417938,2.181031195381087,2.0965917091518707,1.6839274061882012,2.4560565378127883,1.6349749537496703,1.843438183903922
bioplanet_689_Integrin alpha-2b beta-3 signaling,0.3317995192444176,0.6724116688382688,0.29317181457061203,0.47265192356540764,0.20413709211087377,0.7661599261545259,0.28933470115412674
bioplanet_1343_AP-1 transcription factor network,0.42930016429580314,1.4256142219630208,0.994296389300927,1.1932241119499944,0.7501147843889324,1.0558578329116854,
bioplanet_1254_MEK activation,0.4548270948804519,0.547194886280761,0.45045505600945207,0.6008855848807075,0.1370880717941469,2.1392788646571836,0.33529253253583785
bioplanet_1154_Deadenylation of mRNA,0.7435754176775692,0.6737615043650551,1.7600985715941926,2.0446168178315465,1.4623870034712707,1.6920378475327364,2.1348791827414915
bioplanet_1683_Tumor necrosis factor (TNF) pathway,0.8909394152553263,0.9891077253386774,0.8017438537391515,1.1746828333443107,0.9134870639155187,1.0256263114029955,0.7520626110751178
bioplanet_52_Chromatin remodeling by hSWI/SNF ATP-dependent complexes,1.1574432064059943,0.3155779810694601,0.3382860894961678,0.457506867755143,0.6563459487008316,,
bioplanet_318_Huntington's disease,1.609136334724239,0.6508245700269792,0.6049731106195969,0.6710179032828255,0.40899224287781155,0.4605549938790442,1.3347272282752007
bioplanet_630_G beta-gamma signaling through PI3K gamma,0.9831964571565648,1.3742174771427393,0.6720806748406388,1.2747645970633663,1.0051401370482582,0.8816860317257017,0.6054533116048484
bioplanet_326_Monocyte and its surface molecules,0.3065355154395847,0.9203463332668516,0.7624344816292248,1.1243502300330106,0.4258099320317367,0.842551103562019,0.9089206436322297
bioplanet_1011_Apoptosis regulation,1.2026889579696531,1.3727042584334954,1.1282395145817226,1.1859343249489056,1.4610539395198445,1.6934317624040585,2.2024785557726974
bioplanet_886_EGFR downregulation,1.4425995302344414,2.1076576181531315,0.14877926292288557,0.2886498552859704,0.2623040974866749,0.5211100432760956,0.1979586032462882
bioplanet_572_Interleukin-3 signaling pathway,0.6512954798059457,1.12433487000782,0.8400942175537671,1.0677390054557887,0.7859487128401831,1.309456658513622,1.2843603595539035
bioplanet_33_Inhibition of activated T cell apoptosis by neuropeptides VIP and PACAP,1.3541311627065515,0.43694971353671647,0.06877297004990035,0.551529877518313,,0.11875619819003841,1.1367695469110048
bioplanet_857_Vitamin C (ascorbate) metabolism,0.6496361228850646,,1.3011590757277507,0.7627694308968079,0.3448777232741619,0.39739363871029476,1.0244261028483994
bioplanet_610_Downstream signaling events Of B cell receptor (BCR),0.4741422036906503,0.9069442343245868,0.833355235282008,0.7725523707907633,1.315650667516683,1.2645051519592145,2.5279573679930096
bioplanet_1095_Endosomal sorting complex required for transport (ESCRT) pathway,0.397440575163729,0.5248476293143033,0.2755356278628859,0.17089078239982322,0.29790216374894407,0.5591287430999333,0.4076670846154027
bioplanet_881_APC/C-mediated degradation of cell cycle proteins,1.138885782950309,1.312078490541891,1.1304253122051195,1.1570363858113457,1.5147323582427783,1.38717440991508,2.4440713783169117
bioplanet_2_Mu-calpain pathway,1.8494460214888553,1.0309342827919632,3.0082403103991275,1.6713881432656685,0.6393718971819913,1.365091845277643,0.6235028894720775
bioplanet_172_Acetylation and deacetylation of RelA in the nucleus,1.5533797412790966,0.9732148312581805,0.7037113160551071,1.55920928592434,1.21982726631045,0.9104176714416587,0.3323621668349729
bioplanet_9_Rho cell motility signaling pathway,1.0921541784522388,0.19687932050354373,0.6041384800615383,0.7906731296036952,,0.2145228745498781,
bioplanet_1221_Axonogenesis regulation by p75 neurotrophin receptor,1.3530696718990984,0.39017998105393237,0.23469992903517706,0.23967165822364,0.5990035745935087,0.7137651049127329,0.7869730846587142
bioplanet_1639_Initiation of the second proteolytic cleavage of Notch receptor by receptor-ligand binding,1.3895222004869534,2.528491231165776,0.43377736811896384,0.5103936351947949,,1.1968316400070393,
bioplanet_954_Gluconeogenesis,0.8324206916597021,0.5327685409630286,0.4410646110251308,0.7137243814176382,0.5090605747829642,0.5418606902327189,0.3738771823259126
bioplanet_1342_ATF2 transcription factor network,0.029753193486176575,2.0158509837076335,1.6789013526913479,1.6567474118831236,,,
bioplanet_183_Fc epsilon receptor I signaling in mast cells,0.6135706938716593,0.7571166363639295,1.009868727221145,0.8734956310737332,0.7344101520956577,0.5760800567723293,
bioplanet_1417_Corticotropin releasing hormone pathway,0.3849504043415508,1.6395274891625453,1.5827727305552304,1.5123992596830143,1.852912038577691,2.0088050833760254,1.5282298751614984
bioplanet_121_PDGFA signaling pathway,0.5203562093268526,1.136382672025817,0.8880620687560482,1.1491876662960299,0.9056723622106789,,0.8939177469658174
bioplanet_1022_Caspase-mediated cleavage of cytoskeletal proteins,1.0158684772299273,0.23095515945720352,0.697361730734104,0.45835487739126707,2.363138387960681,0.6322863484899229,0.8448747606782572
bioplanet_1447_Smooth muscle contraction,1.5856920476481107,0.449828213237999,1.4103200086630503,1.2652773787550717,0.2944967229986466,0.46477261481453497,0.6654425800891036
bioplanet_315_Alzheimer's disease,2.0954448020111003,0.6293204854613061,0.5240596665545382,0.6145669779525524,0.42353063291487747,0.31283062566719944,1.2265508693198528
bioplanet_1379_Rac1 cell motility signaling pathway,0.3948666866889187,0.08124383649002644,0.615480120451785,0.29628940471842097,,0.6361123759563205,0.3040607433853943
bioplanet_924_TRAF6-mediated induction of TAK1 complex,3.40751872450753,0.6021554829480038,0.6218339869210064,0.36737856457705087,,1.0007263888205884,0.6044599147030018
bioplanet_1353_p38 MK2 pathway,2.6648618416642282,2.461519757501711,0.643127497077687,0.4912371344940862,0.2331420724982949,0.6025483793621351,0.7903526490203691
bioplanet_150_Calcineurin in effects in keratinocyte differentiation,0.575313353856378,0.09854788970084608,0.5466110059480919,0.4175456961206304,0.6933969107738458,0.2493631769541774,0.9733571096858173
bioplanet_1340_ERBB1 downstream pathway,0.47349902206044253,0.2111646799866507,0.3478207033979121,0.1601371283379966,0.31725930302425126,1.5573072096990657,0.6879541150286891
bioplanet_525_Signaling by TGF-beta receptor complex,0.33580157462952165,0.3051640402555315,0.5192478840699759,0.3099724418449184,0.8828050058850817,0.44515748601332666,
bioplanet_122_TNF/stress-related signaling,0.6889045584848539,1.1826787746824585,0.593050919194228,1.430649778188095,2.094810308463514,1.104794784114501,
bioplanet_565_Rap1 signaling,0.6866606777774608,0.6942494878278173,0.466463654166276,0.7401322314626052,0.723702945572568,0.9062792770818786,1.3246390851111312
bioplanet_1311_FRA pathway,0.27292870216555676,1.472700796167903,1.7850606721477082,1.5421354994389112,1.602213560028309,2.0058106163182443,1.6523231008311343
bioplanet_901_Costimulation by the CD28 family,0.9343566451408838,3.5218309492481166,0.470906973127772,0.9704881701053366,0.31859137652824454,1.1107609566674215,0.5352868935700662
bioplanet_1141_Diurnally regulated genes with circadian orthologs,0.48004429663109405,0.3113363918281907,0.2851634454776488,0.3922074985615269,3.9799252693151455,1.0407687665877137,0.6149235120888557
bioplanet_1287_eIF4E and p70 S6 kinase regulation,0.4203372056061177,3.3640077884866386,0.7950230129220123,1.0170108964541626,0.7439072429348471,1.81447714750544,1.2068817477412426
bioplanet_1190_Cytosolic sensors of pathogen-associated DNA,1.6083099316169147,0.7020750500672976,0.46317637042143256,,0.7360117696818771,,0.8146094933016673
bioplanet_606_CD40/CD40L signaling,2.061539526062345,1.316372847005578,0.5453389682743596,1.3596672250656552,,,
bioplanet_177_Angiotensin II-mediated activation of JNK pathway via Pyk2-dependent signaling,0.4802865882423372,0.7954071358513959,0.7839837310768113,0.6956453553693355,1.0699666926706588,1.2631342685873341,0.11259238313304616
bioplanet_1201_Activation of BH3-only proteins,1.468175337659492,0.28763352324841657,0.7932169314629522,0.2016258483567493,0.5998654295197509,1.6988820804539224,0.5780250026288375
bioplanet_571_Interleukin-9 signaling pathway,1.4008249900385346,1.8135929279306156,1.338441917832851,0.5024728711594955,1.4300246202345626,0.5139560385599382,0.3583541935408343
bioplanet_1310_S1P/S1P4 pathway,1.4776456071654578,0.29433782537480996,0.3191182939031366,0.6952215124449422,2.053774465928603,1.5179119680841542,0.5031874558994537
bioplanet_1671_HIF-1 degradation in normoxia,0.8678950566076683,1.1272008628156736,0.9816408640521123,1.017625080203337,1.328735017031991,1.6428064150882686,1.6761785844861792
bioplanet_132_fMLP induced chemokine gene expression in HMC-1 cells,2.1628105616466327,0.5106151093087953,0.44368041314046336,,0.8644948121644435,0.9397020099648924,0.8987893732120866
bioplanet_14_Apoptotic signaling in response to DNA damage,1.0318104186968902,1.1021532404894414,1.5158524379611447,1.056953219826552,0.48190801665783706,0.6744610452265508,0.7033484519464513
bioplanet_556_RhoA signaling pathway,2.130035047827556,0.35154880046076764,1.336958323880415,0.6659899752216942,,,
bioplanet_109_NF-kappaB activation by non-typeable Hemophilus influenzae,1.7972652269073883,1.40640638973831,1.2365285950972509,1.6364992575524133,1.375034386810884,1.8328120989657801,1.2484294625323507
bioplanet_1755_Cytoplasmic ribosomal proteins,1.8531674657733956,0.6264167989722065,2.1712298761315907,2.0864586892971793,,1.1812919083659768,2.0114554198623824
bioplanet_983_HIV infection,0.3741303634427247,0.4923406544894075,0.6453565191212501,0.611492829573973,0.39403459727007495,0.3107708580646554,0.6739764453370477
bioplanet_1453_TRAF6 mediated NF-kB activation,1.6327542874895469,0.8022966810828993,0.6103795595673327,,0.8110014435688948,0.6555037700649404,2.526503339628003
bioplanet_1217_Transcriptional activity of SMAD2/SMAD3-SMAD4 heterotrimer,0.3479889552463322,0.7193372150265764,0.8502757799865528,0.6567225503607805,,,
bioplanet_444_Cardiac muscle contraction,1.7174880683656601,0.4314695972060199,0.5332246673329377,0.5757198236850306,0.32793540170449703,0.31874314435232415,1.4760546305448412
bioplanet_1605_Nef-mediated downregulation of MHC class I complex cell surface expression,1.9184076729217454,,,,,1.5305714606135417,0.41828431849202363
bioplanet_334_West Nile virus infection,0.30204199845261825,0.31053417556619817,0.5922686244899338,0.5152086470262991,0.49195371618166905,,0.5415760289662798
bioplanet_1171_DNA replication pre-Initiation,1.0002538166189905,1.0408437475814956,0.7891849711949626,0.8871352027196004,1.181519602780645,1.584148000772344,2.978638746777525
bioplanet_102_Phosphoinositides and their downstream targets,3.0863263097149476,0.35677513361061686,0.603120101256361,0.16025354334118058,0.48242031038882227,1.407243631503766,0.1961292926672032
bioplanet_1196_Association of licensing factors with the pre-replicative complex,1.4896294404336028,1.637690977942042,0.5243335993058742,0.3831509240490247,,0.27130465690233874,
bioplanet_433_Rab GTPases mark targets in the endocytotic machinery,0.9640979327582861,0.1897482253238467,0.22262210469826163,0.4017192983646387,0.48751804992965747,0.7868352451412981,1.160097267338074
bioplanet_652_T cell receptor downstream signaling,1.2883721188233104,1.0975336219771519,0.7365350252869296,0.6553539597394713,,,0.48970536316129165
bioplanet_984_Latent infection of Homo sapiens with Mycobacterium tuberculosis,0.8141558500178537,0.3093423228070947,0.5443523495147207,0.1486654077366122,2.7375826082725196,1.0157738847304967,1.8263162262715134
bioplanet_35_Free radical-induced apoptosis,2.062379423359048,0.4347953386519467,0.5651870533213743,0.8592569319710351,1.0173836504460216,1.873871797810754,1.5111493477439513
bioplanet_1122_RNA polymerase II transcription,2.19341991550367,0.7124035866272819,0.979056283057164,0.5573356565510594,,0.4568319609370876,
bioplanet_240_SUMOylation as a mechanism to modulate CtBP-dependent gene responses,0.8974207488375611,0.09462372955609796,1.0214200010669379,0.40604562277913464,0.9890141238080039,0.4330347085251687,0.414459116832128
bioplanet_633_EPO receptor signaling,0.9581383795801713,0.9171568534618058,0.5739606375285051,0.7661754464530314,0.5337531590974574,0.28462251141875633,0.09988989228721407
bioplanet_1148_Regulatory RNA pathways,1.496923037720089,0.21766425416594548,0.8665042589136037,0.6248441597319406,,0.6494590662306431,0.7703479764877599
bioplanet_811_Nitric oxide metabolism,0.3676259236878776,0.21243734520818436,0.7225197793681752,0.8781175790049147,0.30980168709341255,0.21863534080733485,0.675602471820016
bioplanet_1150_Binding of RNA by insulin-like growth factor 2 mRNA binding proteins (IGF2BPs/IMPs/VICKZs),1.3841372914035512,,1.250746171535495,1.3037470247859717,,,1.7816386550001624
bioplanet_529_Signaling by the B cell receptor (BCR),1.5675526300340588,0.272386991307698,0.17311077107672318,0.1749483152061166,,0.565284138401038,2.2413782908354247
bioplanet_1635_RIG-I/MDA5-mediated induction of interferon-alpha/beta pathways,0.8522606725268898,0.46159527753293444,0.7361624630598292,0.29135340147800454,1.0412338827275895,0.5526520129908974,0.9778519334754441
bioplanet_1385_Golgi-associated vesicle biogenesis,0.34743668557224466,0.2456649136313773,0.522614560068331,0.2309542519530341,0.889369108055843,1.1182282309467815,1.063783659323421
bioplanet_208_CCR3 signaling in eosinophils,0.48296702725316365,,0.12050708227433486,0.1613020511478587,0.17526877285494544,0.7244116808782319,
bioplanet_1458_Antiviral mechanism by interferon-stimulated genes,2.2216523619210236,2.702735349436475,1.928755991698419,1.0703719317518365,2.5209131756730576,1.3755124777084602,1.9556701562840573
bioplanet_254_SUMOylation by RanBP2 regulates transcriptional repression,0.8151141581969843,0.11385411750303802,0.6047390403421135,0.4983948932845155,0.13892968663661237,1.2914730977843911,0.7010459679867583
bioplanet_589_Nef-induced signal transduction,0.7611103611192238,0.37752834956732845,0.9765969094777207,1.103796355435062,0.9017067464977351,1.351411520592814,0.6568553341960062
bioplanet_1012_Apoptosis intrinsic pathway,2.2758522387831297,0.8938268062949216,0.597523910115455,1.0432923526436222,0.7084333834810829,0.38110185089755466,0.36842542123244526
bioplanet_1465_Toll-like receptor endosomal trafficking and processing,0.3264974630098606,0.6381643343425447,0.4957170793621562,0.5322452738024627,0.886734740645908,0.637006258749107,1.741497755667427
bioplanet_189_Parkin role in the ubiquitin-proteasomal pathway,1.6537853283979622,0.5807838421357169,0.8343478331627042,0.7763589432978674,1.675081738486063,1.213751841368559,1.749579982954584
bioplanet_1634_Protein folding,0.8111734930065321,0.17215653112977816,0.4367125972202461,0.4566168377122033,0.45490783383204825,0.5829908496252755,1.0376149222218762
bioplanet_675_Type II interferon signaling (interferon-gamma),3.6197638048096707,1.982929595588132,2.781880028506338,1.4447554821640625,3.9527927940245227,3.1737916137186684,4.118622663609387
bioplanet_1514_Cyclin D-associated events in G1,0.1635431032868573,0.1701004186486558,0.4809194220397129,0.2489716529905355,,,
bioplanet_206_GATA3-mediated activation of Th2 cytokine expression,0.32847651957836804,,1.3731870422023065,1.186331100156062,,,
bioplanet_431_Mechanism of protein import into the nucleus,2.041157287759027,0.08487615541234053,1.1107785608573528,0.6335763486613334,0.15577093527414823,1.8560175395485066,1.6418773423564883
bioplanet_1306_Regulation of NFAT transcription factors,0.2666546948988236,1.5497856538543127,1.5269338082829513,1.5515774323746765,,,
bioplanet_65_Ran role in mitotic spindle regulation,0.588886808340957,0.5437234047446908,1.119237441882323,0.7140601868236208,2.047341317165758,,0.5369674770630475
bioplanet_70_Influence of Ras and Rho proteins on G1 to S transition,1.8659698039898491,0.8536663379309014,0.8210861654757932,,1.8150804412676984,1.2875256887677575,0.197077123728208
bioplanet_82_Cystic fibrosis transmembrane conductance regulator (CFTR) and beta 2 adrenergic receptor (b2AR) pathway,1.8055382625926646,0.16664443277618377,,0.9419204069807464,0.8861835810370263,,1.812231804441042
bioplanet_1162_Deadenylation-dependent mRNA decay,0.3855276343887566,0.3322593657084928,1.761872903108191,1.4942033728736055,,,
bioplanet_614_RANKL signaling pathway,0.7393693856046479,1.3562661366803133,,1.459059501283244,,,
bioplanet_687_Integrin-linked kinase signaling,0.2373160541177952,0.31167239935973734,0.22713892834973665,0.19219852480172936,0.30854499490077836,0.23169804581761794,0.18552993048518726
bioplanet_1206_MHC class II antigen presentation,0.9757063411944735,,,0.6665350906515904,0.4079097727571054,1.4431966052449996,0.19516453350978513
bioplanet_324_CTL mediated immune response against target cells,0.9722592736850825,2.542909891472625,1.710699471511004,4.174457958320686,0.6217018076697023,0.2458839739224385,0.43060601091278433
bioplanet_1604_Nef-mediated CD8 downregulation,0.254571767000248,0.6254502230305626,1.2260460612013564,1.7963904437865463,0.4678970042567094,0.925480344268846,0.18317956825002163
"bioplanet_66_Telomeres, telomerase, cellular aging, and immortality",0.6812670421699231,0.43896774731226623,0.9787329980875523,1.0385478616435349,0.08652374909521941,,0.4625727707286575
bioplanet_43_Activation of Src by protein tyrosine phosphatase alpha,0.37754219556425667,0.1875484833666458,,0.4261783110390235,0.636799790059274,1.0984723783676384,0.8038092152902145
bioplanet_307_Vibrio cholerae infection,0.2825918270854328,0.12100548745629137,0.2921377640996775,0.03410333125922308,0.1136071260306513,0.15026706792628297,0.6836557593851542
bioplanet_84_Support of platelet aggregation by Eph kinases and ephrins,0.8425408212352824,0.862371433009535,3.136302455188937,2.788930745174822,0.5578402008051528,0.3922027092426488,0.2853875285298133
bioplanet_1185_S phase,0.7060916025395487,0.7387303497173067,0.516860885337577,0.6015016553745829,0.84598115022784,1.3338543067445194,2.869586870889247
bioplanet_306_Bacterial invasion of epithelial cells,1.8739621837316813,0.2117425662403928,0.5150698514075848,0.5649264013878086,,0.08764678468527812,0.4844247918836944
bioplanet_1619_PERK-regulated gene expression,1.2408886644413564,,,,1.2936526405926367,1.7058562455089297,
bioplanet_487_Prolactin activation of MAPK signaling,0.35499528918627454,0.5515082973929513,0.5068789559263432,0.6086156516258343,,0.3460608282872079,
bioplanet_490_Signaling events mediated by PRL,2.284581069962711,0.7538637740137966,1.6097231294485852,1.3586476975887034,0.12402583623674171,0.5345159293500898,0.7805543154675928
bioplanet_265_Protein processing in the endoplasmic reticulum,0.08255643528511145,0.36287003503091253,0.13641771690603116,0.24984441960409787,0.11149301647821767,0.5560980413946999,0.10876517363758385
bioplanet_943_Purine salvage,0.956562117064273,0.02228102087501022,0.7459438650233768,0.88491484189538,0.6710334355085608,,0.32005806242762375
bioplanet_1319_Telomerase regulation,0.36491901948464894,0.5918922619637416,0.8749817167273849,0.6412291566397015,,,
bioplanet_1021_Activation of DNA fragmentation factor,1.1104966661812774,,0.6546592834408317,0.7208498388077573,0.27891364526224033,0.6649796970506775,0.5492586166020317
bioplanet_1315_p38-alpha and p38-beta regulation,0.3104514013961022,1.03462403044536,0.6327318074103028,0.5306954478656243,0.3064744443248249,1.4344003145103355,0.2576204944451231
bioplanet_58_Protein kinase A (PKA) at the centrosome,0.16289964520744213,0.34204567771096134,0.5471194846860375,0.36769473408783787,0.15874458038306793,0.14704355354894355,0.964751013089887
bioplanet_1367_Insulin regulation of blood glucose,0.9503365653090888,0.2342585208602382,0.1761378666238808,0.10690585862229157,1.3215613939345823,1.0942175158406116,0.9280420663111741
bioplanet_982_Nef in HIV-1 replication and disease pathogenesis,0.4874272993924774,0.12078644159875847,0.3742306168003861,0.5469260424387993,0.5756472625936747,0.5324527827792993,0.4332231883256952
bioplanet_30_TNFR1 signaling pathway,0.5441533365723381,,0.6202919531381605,0.5703380875781252,,0.8158418380601679,
bioplanet_920_Sema4D-mediated inhibition of cell attachment and migration,0.5173334149206743,0.4658134554399306,0.2507411915339543,0.3512185342962071,0.8103486844269123,1.34684380441045,1.6789267006168171
bioplanet_1048_Transport of mature transcript to cytoplasm,0.9096138768544273,2.6299687977321615,1.2693049780754853,0.717353157609497,0.18860931380594187,1.5541753652978905,
bioplanet_1449_TAK1 activates NF-kappaB by phosphorylation and activation of IKK complex,1.5168981115164386,1.1127565792456506,,,0.41273867035406164,,
bioplanet_75_MAL role in Rho-mediated activation of SRF,1.5535347566369835,0.09758399982952219,0.3170441963937745,0.31773672542759557,1.5310422091135214,0.23435565320962068,0.13755191446751022
bioplanet_923_Semaphorin interactions,2.032779000689114,0.4498363712960043,1.085824441543505,0.7637331438935063,,0.2216794919771732,0.5385667678602011
bioplanet_11_Adhesion and diapedesis of lymphocytes,0.5422366893863471,0.7228901502015667,0.7608477851549397,0.763500590941693,0.1337985090634313,0.19982737230188719,0.5241389917814334
bioplanet_1581_Nuclear events mediated by MAP kinases,0.9517996081767289,1.7702712268608227,1.5755004155568002,1.537821690447909,,,
bioplanet_491_Signaling events mediated by HDAC class II,1.7068490901755446,0.28581408839520367,0.08971328759532292,0.15229828068132614,0.7239252917838749,1.52014688840699,0.3471482286783023
bioplanet_1714_TP53 network,1.7014746176206506,0.23050733758427996,0.8081887845410877,0.8625774559284046,0.7904349317395963,1.052918829536817,2.1875346171150447
bioplanet_728_Advanced glycosylation endproduct receptor signaling,0.7274878024896191,0.17358104676560793,0.8593383050920573,0.20646525817526637,0.8324154731512104,0.8387525873021149,0.6104742166984201
bioplanet_608_PDGFB signaling pathway,0.37427864564235674,0.1548980758292397,0.0845468030750417,0.09957448052497778,,1.0001448114437754,0.2757611415906603
bioplanet_567_Interleukin-5 signaling pathway,0.5153427065542148,,0.7064932556369531,0.6906788008181667,,0.5723186710799351,
bioplanet_505_Signal regulatory protein (SIRP) family interactions,0.4558438603992463,0.17098276674098334,0.9580652665688871,0.7510798371511016,0.3898984400711823,0.9901659646086932,0.46341381799046505
bioplanet_31_MEF2D role in T cell apoptosis,0.6314182152601137,1.6409355276268212,0.8505075699921824,1.6111953558628276,,0.4280118811704406,0.27004723781899626
"bioplanet_596_Immune system signaling by interferons, interleukins, prolactin, and growth hormones",2.0481792625559647,0.8964578233099624,1.245993256926266,0.7286312274184513,1.8717508735608206,1.1894872627184114,1.763921854217808
bioplanet_1156_Stabilization of mRNA by HuR,0.3896073854982583,0.5008503694161902,,,0.8143740356794966,0.7202378718441999,1.591937461307699
bioplanet_1572_Interactions of HIV Vpr protein with host cellular proteins,1.2964853275887886,,,1.2918193986873128,,1.0940532085126886,
bioplanet_903_DARPP-32 events,0.3853753927419516,0.17308699554452747,0.15442841783244862,0.28412351668748953,,0.3413381061350518,0.6612217106886954
bioplanet_1413_T cell receptor regulation of apoptosis,0.13333770343156456,0.10400603615732851,0.1951306310930883,0.3498567010001857,,0.7467124147930165,0.116533759703792
bioplanet_1133_Messenger RNA capping,0.33924191946867227,0.22345235334649569,0.5810239965776758,0.33499616637314894,,0.7344496669270889,
bioplanet_1695_STAT3 pathway,1.8999753507939585,2.0362912486195635,1.5428915777122518,0.4672470082163195,0.5647434869502956,0.49833710330403524,0.5173919013634383
bioplanet_472_Fc gamma receptor-mediated phagocytosis,0.22461618424818264,0.42251115346428225,,0.30031048458966475,,0.7981988497314215,
bioplanet_884_APC/C- and Cdc20-mediated degradation of Nek2A,0.6491599480147596,0.3013565789590581,0.31854869151914117,0.24216591515676464,,0.1839723084192708,
bioplanet_919_Glycoprotein VI-mediated activation cascade,0.38394819874032576,1.8126929726184535,0.21510237560505527,0.2510536067155527,0.17168480331718652,0.3817494518944166,0.5232772140195285
bioplanet_1740_FAS pathway and stress induction of heat shock protein regulation,0.46294736453005375,0.23358825166080668,0.23890480148923307,0.49464121703903957,,,
bioplanet_1272_Trefoil factor initiation of mucosal healing,0.39231751592830394,,,,,,
bioplanet_146_Interleukin-2 receptor beta chain in T cell activation,0.5919399100121293,2.6402744626938146,0.2266541986756941,0.38685746209614263,,,
bioplanet_1641_Recycling of eIF2-GDP complex,0.4058786809996107,0.6012485540954425,2.8775592875002456,1.746684210361063,0.6686970201356386,1.4409442676010362,0.17113868085234996
bioplanet_1675_Interleukin-1 signaling pathway,1.3856004752116722,0.8860838009187618,0.9202022555691294,0.9354603925828084,0.7724972485063366,0.9313541107754046,0.7243553453645554
bioplanet_17_HIV-1 Nef as negative effector of Fas and TNF,1.9890083276006016,,0.18592643533667375,,,,
bioplanet_756_Insulin biosynthesis and processing,0.34526035690674506,0.03717430033214215,0.12346156284014552,0.08935143670119688,1.322169142620004,0.6484752489874701,
bioplanet_1503_Clathrin derived vesicle budding,0.36724883856038915,0.15752284218311013,,0.24282284912954263,0.3291492477098855,0.16499689131189715,0.39252186364244607
bioplanet_1277_Mechanism of gene regulation by peroxisome proliferators via PPAR-alpha,0.5307989610483901,1.1071672395573045,0.8942784720036246,1.2810875153024952,,,
bioplanet_578_CDC42 signaling events,0.346115357571788,0.14861846663170755,0.4776310229680416,0.3737566639436134,,0.7357867975028665,
"bioplanet_753_Glucose-dependent insulinotropic polypeptide (GIP) biosynthesis, secretion, and inactivation",0.36558739551720243,0.33978130777306603,0.9476367475619847,0.11741928429565907,1.6582446299191478,1.0356252419205343,2.6772384423814093
bioplanet_629_Interleukin-6 signaling pathway,0.34208456291259015,0.9079847182476666,0.9688068105266172,1.0727419049780214,1.281439187194191,0.3266144889131668,
bioplanet_169_NF-kappaB signaling pathway,2.2400766346998386,1.260128598612676,0.573877652062079,1.5160590465956767,,1.085392126300261,1.7904985022859532
bioplanet_95_Nitric oxide signaling pathway,1.041303999959362,0.15919003164427672,,0.42936178235436395,,0.45398832274963224,
bioplanet_581_TWEAK signaling pathway,1.0834701521614092,2.171329821404411,,,,,
bioplanet_5_Collagen binding in corneal epithelia mediated by Erk and PI-3 Kinase,2.7926578233296655,0.16304378066655315,2.9082190834213217,1.6641639212383985,,0.2372166878555731,
bioplanet_651_Endogenous Toll-like receptor signaling,1.053912523230166,0.3589218366739235,0.6501826613753117,0.45000720453300574,0.528040381752808,0.48644055998660995,1.3026742651559664
bioplanet_305_Primary immunodeficiency,1.99603859350125,0.08760990559001228,0.7278841404724467,0.8635841038057267,,,
bioplanet_1597_N-glycan trimming in the ER and calnexin/calreticulin cycle,0.36643365532514355,0.6115419173831537,0.12084794480577755,0.6147407783161628,0.5296557425046815,0.524447193661955,2.048580972475271
bioplanet_942_Purine catabolism,0.3878233082172161,0.2587844013526204,,,0.7001786262993356,,1.7882639871604167
bioplanet_604_TNF-alpha signaling pathway,0.735167267740882,0.3223407957830199,0.735008429125128,0.4249616846996602,,,0.14739613443637184
bioplanet_272_Signaling of hepatocyte growth factor receptor,1.5314282506941634,0.9266142313452422,1.5238347952342928,1.1643351756323264,,,
bioplanet_50_Lck and Fyn tyrosine kinases in initiation of T cell receptor activation,0.37878822672159124,0.82363839212344,2.197307048513932,3.2961230345528687,0.6138689371907197,0.9190440370546531,0.28725047070504217
bioplanet_1334_E-cadherin nascent AJ-like junctions pathway,1.9484403478759194,0.08500542880626791,0.5075123869246495,0.47303826275182426,1.2802964337212466,0.22058560206374153,0.3878430212069258
bioplanet_649_GM-CSF-mediated signaling events,0.3365495647604305,,0.3955476541773561,0.6967869891563412,,0.5332623740909112,
bioplanet_1361_Interleukin-2/STAT5 pathway,0.4601713854130765,4.561189328760368,0.30778706521763155,0.2386462655751359,,,
bioplanet_1026_Cell cycle checkpoints,0.5925527421290635,0.6639231926440197,0.5535872910678373,0.5319414229082465,0.7506249251130879,0.8989112355710515,1.8699927285527855
bioplanet_423_ER-associated degradation (ERAD) pathway,0.5039862129565452,0.2081306771590178,0.5084325650532773,0.3401165738696592,0.12380386063103632,0.3620740132254084,0.17120986471713723
bioplanet_153_Keratinocyte differentiation,0.6306508576580275,,,1.1534446298753591,,,
bioplanet_1036_Influenza viral RNA transcription and replication,1.4233418134234566,0.5529131328889374,2.670819481856873,1.5557702986553166,,1.1639946723414887,1.550114071095616
bioplanet_1371_HIF-1 transcriptional activity in hypoxia,0.28893942569708075,0.7461590695483045,0.733609199201915,0.7093893059104368,2.160646924149054,0.52069314607114,0.5610602325733752
bioplanet_1444_Wnt interactions in lipid metabolism and immune response,0.13776839707145,1.1031549762105226,1.2306200357317394,1.5767986319424279,,,
bioplanet_941_Mitochondrial protein import,1.000828175644261,,,1.0456624160165298,,0.7489215003915546,
bioplanet_18_Mitochondrial role in apoptotic signaling,0.36055163472283097,1.6705811524941039,0.6045315323269532,0.10255615950369168,0.7804598899511312,,0.27472195174595104
bioplanet_15_Induction of apoptosis through DR3 and DR4/5 death receptors,1.7862915188494641,,0.6507712837331868,,,0.28419110367952344,0.366323424451646
bioplanet_1347_Hypoxic and oxygen homeostasis regulation of HIF-1-alpha,2.5729512941957853,0.5461100793023551,0.2632518619586421,0.22085547719600693,0.4700357569029222,0.5064003449782873,0.6960475268492946
bioplanet_1591_Mitotic G1-G1/S phases,0.5887925351844132,0.5825218848456541,0.6158841989346574,0.40831736942253377,1.4690347361482243,0.918794308872987,2.9201040712906545
bioplanet_76_Attenuation of GPCR signaling,0.4139179039058008,0.2339307092587497,,,1.225386022832657,1.5086999434436241,1.218191038396191
bioplanet_459_Vasopressin-regulated water reabsorption,0.7004385975040264,,0.4851567342964638,,,,
bioplanet_217_CTCF pathway,2.062433681261797,,,,,,
bioplanet_702_Apoptosis modulation and signaling,0.3701080303762308,,,,,,0.42285868650847946
bioplanet_238_Cell adhesion molecules (CAMs),1.2232935436212706,,,0.7840810183277301,,0.9733109182385279,
"bioplanet_1118_Antigen presentation: folding, assembly, and peptide loading of class I MHC proteins",0.591330223932324,0.33208975508431365,0.3249218400755967,0.3120414374222434,,0.5070267577863747,2.1714559021761244
bioplanet_1426_Interleukin-5 regulation of apoptosis,2.846996013273914,,,,1.2989875293975575,1.964446525562772,
bioplanet_1191_Mechanisms of transcriptional repression by DNA methylation,0.4557652331294352,0.804718089680683,0.6534794220357202,0.31827313555018544,0.11107839086705426,,0.3231386169641105
bioplanet_513_Signaling by FGFR1 fusion mutants,0.716264160998443,0.19985519277277963,0.7398766337742885,0.30072656655802127,0.95175298149124,0.3097267397051522,1.4945322767847025
bioplanet_1124_RNA polymerase III transcription initiation from type 2 promoter,0.37203616224306923,0.4047505114837764,0.5039207990884296,0.42675140647467047,,,
bioplanet_280_Colorectal cancer,0.20876485564542252,,0.7639537952756775,0.7696829429033237,,,
bioplanet_118_Ceramide signaling pathway,0.5201387047161846,,0.8475411137750531,,,0.336324029392205,0.10701604086962847
bioplanet_1673_PI3K class IB pathway in neutrophils,0.49297718367521237,0.2768957699701032,,0.5239112170197663,0.3037195724152071,0.4716934556483737,0.4128602344560316
bioplanet_617_ERBB2/ERBB3 signaling events,0.5943830597969862,,1.3391772123761103,1.4159990289878697,,,
bioplanet_1101_Transferrin endocytosis and recycling,0.7071605747581409,0.03964366552590291,0.4413672210861756,0.030009759472084285,0.2672246143144711,0.6686771997648244,1.4881878539716273
bioplanet_105_Modulation of interferon signaling by chaperones,2.6214806299240676,1.7739265520456775,,,,0.5412406617341236,0.4892058873234035
bioplanet_891_Inactivation of Cdc42 and Rac,0.5683894115440874,1.12910885291866,1.607115112305398,0.7927854999996784,1.0139912711762067,1.2560717219056166,1.4738362364905189
bioplanet_28_SODD/TNFR1 signaling pathway,1.1129969888142306,0.7434034518027102,1.2189323026723922,,0.9649477238638374,,0.8465761382114534
bioplanet_1566_Inflammasomes,1.357305587734898,0.40694845168586274,0.7928730870103211,0.6008072649098641,0.8499143947296822,0.7011331146271677,1.2209675306123582
bioplanet_182_Inhibition of T cell receptor signaling by activated Csk,0.4279527022508873,0.967927708746146,1.2241900706105144,2.209278527053621,0.6443788708567606,0.6614723326281062,0.5837334884741839
bioplanet_1403_Mitotic metaphase/anaphase transition,0.3304570977613554,0.5392878584624481,,0.24904830234933156,0.6205484581776778,,1.6940884481959195
bioplanet_949_Pyrimidine salvage reactions,0.6584828172658693,0.36518004573292023,0.7566226264971115,0.10134322348955013,1.2960301532017682,1.4112911463004885,1.4430992983436668
bioplanet_159_Signal-dependent regulation of myogenesis by corepressor MITR,0.1971277811854497,,,,0.3693338681822893,0.7053940826905295,1.0342444866889429
bioplanet_1615_Oxygen/carbon dioxide exchange in erythrocytes,1.0092076544855204,1.4741959014190003,2.1374128172003815,1.0686502033611238,1.177380948445313,2.4986070053967433,1.6683874549757836
bioplanet_276_Alpha-hemoglobin stabilizing enzyme (AHSP) pathway,1.0284148185648379,1.1257339210336466,1.3859741321796333,0.8282231414238517,1.1656859346983246,2.244109896274292,1.5917463652173156
bioplanet_1716_SRF and microRNAs in smooth muscle differentiation and proliferation,1.077458963012434,,,,0.8183112726655684,,
bioplanet_913_eIF4E release,0.6147940381323117,0.5288910257045789,,,3.3311686747416243,0.6926490345473183,0.29220259566800116
bioplanet_1108_Hormone-sensitive lipase (HSL)-mediated triacylglycerol hydrolysis,0.511069275004518,0.3590643801606163,0.26565720450370794,0.5074371721496987,1.631594175513897,,1.2138109392269536
bioplanet_1384_Interleukin-12/STAT4 pathway,0.41051265053042746,0.6180085080256286,0.8425515487040978,0.8706868259570072,,,
bioplanet_482_Fanconi anemia pathway,0.8300323308008722,,,,,,
bioplanet_1428_Interleukin-7 interactions in immune response,0.2989168339290696,,,1.1882651366619603,,,
bioplanet_1482_Mitochondrial beta-oxidation of saturated fatty acids,0.7197277694543978,0.353224885237456,,,0.7161568946082238,1.0657197423346205,0.47744282399732346
bioplanet_1323_Validated nuclear estrogen receptor beta network,1.2476823772461965,,,,,,
bioplanet_68_Cell cycle progression regulation by PLK3,0.3916886731086079,0.5299532221146247,,,,0.3975420380758568,0.5744452874071366
bioplanet_1424_Gastrin pathway,0.5168212997476641,,1.2292840669760066,1.291726805444838,1.5035909798051064,2.2240182678174527,
bioplanet_7_Mammalian calpain regulation of cell motility,1.2667297926614367,,2.599921944657103,1.3580767967920302,0.565539306939385,0.4805181359622378,
bioplanet_729_TRAF6-mediated IRF7 activation in TLR7/8 or 9 signaling,1.548342538526932,0.6839557651417895,,0.315428801929447,2.1206113225653014,2.032176227194274,2.086083801311108
bioplanet_249_E2F1 destruction pathway,0.3208198900436852,,,,,,
bioplanet_329_T helper cell surface molecules,0.24002282018133259,0.39484353794802746,1.8464081965331078,3.0126174591000723,0.9084271781179254,1.5118740627548393,0.62497089914625
"bioplanet_752_Ghrelin biosynthesis, secretion, and deacylation",1.0387625163646828,0.2854552763447105,0.6198089687518146,,2.43365549739546,2.11925321548787,2.2508579526170815
bioplanet_1554_Activation of calcium-permeable kainate receptor,1.2276439772192007,,0.7992307682194146,1.008353103074429,,,
bioplanet_1365_Syndecan 2 pathway,1.9165487731611515,,,0.7717956810965716,,,
bioplanet_1317_ATM pathway,0.34964075161331654,,,,,,
bioplanet_20_Stress induction of HSP regulation,0.710208820428112,,,,,,0.3468840967488893
bioplanet_74_Tumor suppressor Arf inhibits ribosomal biogenesis,0.5160616072230071,0.10486380311432492,0.3041011269884396,,,,0.4969251462192965
bioplanet_1430_Interleukin-9 regulation of target genes,0.2967955129619419,0.08314992579882981,1.8693316397021043,0.5206089338553836,,,
bioplanet_1523_Dual incision reaction in TC-NER,0.6036273863870006,0.23431764099877445,,0.08045948099912555,,,
bioplanet_266_Base excision repair,0.683816612672774,,,,,,
bioplanet_1526_Acetylcholine neurotransmitter release cycle,2.029661973807857,,,,,,
bioplanet_1611_Norepinephrine neurotransmitter release cycle,2.031656275040693,,,,,,
bioplanet_252_Control of gene expression by vitamin D receptor,0.8712959944715882,,,,,,
bioplanet_46_Selective expression of chemokine receptors during T-cell polarization,0.26124486136385494,1.719862553251991,1.426378296081479,1.2905734453798618,,0.7629981669577829,0.5277472055235606
bioplanet_648_CBL signaling regulation,0.4860982828492845,,,1.5798470793095862,0.4932830462064756,1.6807578983369045,1.1676882402176154
bioplanet_1457_Telomere extension by telomerase,0.32230376470529537,0.4107448392109084,1.6424932382943669,1.1159698889579648,0.3134556745949807,,1.5111480479800419
bioplanet_253_Telomerase protein component gene hTERT transcriptional regulation,1.6144294410305744,,,,,,
bioplanet_81_CBL-mediated ligand-induced downregulation of EGF receptors,0.6685892317220938,0.4963226382485176,,,2.7926581625114317,0.2490935765806547,0.6307781680354829
bioplanet_1466_GluR2-containing AMPA receptor trafficking,0.44039196992878027,,,,,,
bioplanet_1382_HNF3A pathway,0.5627189383381364,,,1.4601898124566977,,,
bioplanet_719_GRB2-SOS provides linkage to MAPK signaling for integrins,0.5056230389628708,0.2433605005179762,,0.19289859809896281,0.5337371386653745,0.1443022655760783,0.16527307590983176
bioplanet_551_Thyroid-stimulating hormone signaling pathway,0.6620671572709446,0.47362338556231587,0.5067435470743267,0.5408981165314193,,,
bioplanet_679_Glycoprotein 1b-IX-V activation signaling,0.4082035513838568,0.21672560204093577,2.790053018354258,1.5612768134354602,1.1169822975020998,,1.398685632842984
bioplanet_1129_RNA polymerase II C-terminal domain phosphorylation and interaction with capping enzyme,0.9121218716928817,,,,,,
bioplanet_1719_Nitric oxide effects,0.36463549142675405,1.2205752585644336,1.4394130945547543,0.9966323935809466,,1.9984664552276237,1.572741091037752
bioplanet_776_Prostaglandin biosynthesis and regulation,0.353162014942735,3.051262068747325,3.3725538518145863,1.7224718014714457,,0.1743914795881236,0.7390463571029244
bioplanet_670_KIT signaling regulation,0.36719715770140554,1.0883952765763127,,0.318662068764463,0.735991128363251,0.14055946761493318,0.43357309744142836
bioplanet_1499_Cell-extracellular matrix interactions,0.41834195466324575,0.9575359585181172,1.1844549792877013,1.321224226579862,0.6782086398966994,1.1236056360436852,0.6753542950092946
bioplanet_948_Pyrimidine catabolism,0.28311453974701706,0.835357449370826,0.7406446419393139,0.1776318706213061,1.1960946541403528,1.7506658551847702,1.4055609122591477
bioplanet_330_Ras-independent pathway in NK cell-mediated cytotoxicity,0.365644877595294,0.9349298531085862,2.625398401034904,2.300794985128732,1.0024499172797523,0.6000393827731948,1.6594887070468138
bioplanet_656_Alpha-synuclein signaling,1.1805264765262173,0.5453044709189705,0.19207370246678152,0.1640672113247671,0.4774585312113576,1.7056852414375065,0.835401373102115
bioplanet_1627_Platelet sensitization by LDL,0.33965150854145715,1.0346461764816766,,0.8400483618168778,1.0339609912294734,1.5928740807396773,0.48281043649033334
bioplanet_174_PGC-1a regulation,0.3672819226806528,,,,,0.2805145911357182,
bioplanet_1618_Platelet endothelial cell adhesion molecule 1 (PECAM1) interactions,0.36145775680448244,0.9161206382044977,0.39597747017805845,0.14715467863194984,,0.30133599729843547,0.4440858830847716
bioplanet_1450_TRAF3-dependent IRF activation pathway,2.3096503742064813,0.3677879467906974,,,1.5936577838407475,1.7963552130709761,2.062761420011543
bioplanet_246_Transcriptional activity regulation by PML,0.7060342857042451,0.5563963621408781,1.0983787140607044,0.585834640718267,0.3999948958594226,1.7397076569307943,0.6977000813482939
bioplanet_496_Signaling events mediated by T cell protein tyrosine phosphatase (TC-PTP),0.8276312378850063,,,,,,
bioplanet_139_Interleukin-22 soluble receptor signaling pathway,0.26025016460678857,0.5466841079665855,0.9266520289579165,0.5603362678336822,1.2136015483658074,0.5800159680579586,0.7593302643126039
bioplanet_364_Pentose phosphate pathway,0.4974586848230669,,0.5588434448194919,0.4828888788721254,0.7380263135710657,0.24179460644496673,0.5541169291161997
bioplanet_77_Stress fiber formation mediated by Rho-selective guanine exchange factor AKAP13,0.360049642512449,0.2644818962276877,,0.4667505100183466,1.020677979120923,,0.5203968714235883
bioplanet_911_EGFR transactivation by gastrin,0.37862010298255866,,,,0.5254079070794082,0.7307563038782154,0.5396625237075677
bioplanet_136_Interleukin-10 anti-inflammatory signaling pathway,0.8669323573032518,0.5335569951362056,0.617333424889326,0.13092525740083824,2.1316722293965396,1.8852577785085742,2.1634261896975207
bioplanet_921_CD28 co-stimulation,0.3918283908895055,0.713111277360297,,,3.2922025188540274,0.18720604699849872,1.1959553805844667
bioplanet_1495_CHL1 interactions,0.42596374437999845,,3.4422610408363163,1.7148565676386631,,,
bioplanet_461_Collecting duct acid secretion,1.9440394218469803,0.19207344929773712,0.17976855442835157,0.09713384858623825,0.2162687883815951,0.7243518016120654,1.2520684749974973
bioplanet_152_Skeletal myogenesis control by HDAC and calcium/calmodulin-dependent kinase (CaMK),0.36824527123934364,,,,,0.4926413750387386,
bioplanet_1072_Iron uptake and transport,2.727820383602088,0.22460893124502496,,,,0.585212622395317,1.6694830329477302
bioplanet_218_PRC2 complex long-term gene silencing through modification of histone tails,0.38413311437914655,,,,,,
bioplanet_271_Integrin signaling pathway,0.3602752741527293,0.13221936659868622,,0.3003325998438379,,1.106788855743526,
bioplanet_1561_IKK complex recruitment by IRAK1,0.34696705914490905,,,,,,
"bioplanet_709_Interleukin-3, interleukin-5, and GM-CSF signaling",0.3495320433439488,,,,,,
bioplanet_912_SHC-related events,0.3908707698948601,,,,,,1.0069192780611709
bioplanet_700_Interleukin receptor SHC signaling,0.5561894307663394,0.6796598184602223,,,,,0.2611146438846019
bioplanet_676_SHC1 events in EGFR signaling,0.39589625071102824,,,,0.8215178990071422,0.4983619247827723,0.9559563551270698
bioplanet_739_Phosphatidylglycerol biosynthesis,0.28139148370242223,,,,0.28002529958483413,,
bioplanet_673_Interferon alpha signaling regulation,1.3663976721330435,,0.9635278704956018,,0.774233061237009,0.17447449995139178,1.2896934563058404
bioplanet_637_Alpha-M beta-2 integrin signaling,0.40473905365828755,0.37007712666109277,,0.7357785857982556,0.5148815549773916,1.2943958909269206,0.7649186170631591
bioplanet_824_Glucose metabolism,0.3666390907038097,0.06847400776526265,0.1585766582373444,0.08798475044543709,,0.16032540831355577,0.6763338354610062
bioplanet_705_Recruitment of repair and signaling proteins to double-strand breaks,0.3812305353877208,,,1.5844550202648608,,,
bioplanet_22_PTEN-dependent cell cycle arrest and apoptosis,0.3768995347908156,,1.4801017083385275,,,,
bioplanet_805_Association of TriC/CCT with target proteins during biosynthesis,0.6167861469187298,,,1.0123635876454062,0.24855230597094646,,0.5153024039094494
bioplanet_1434_Thymic stromal lymphopoietin (TSLP) pathway,0.7082757033116255,0.6517551781726705,0.48738812469607773,0.39338684123904305,0.7269567669739663,0.8406713732685318,1.091982875155927
bioplanet_10_Adhesion and diapedesis of granulocytes,0.39809365518652184,0.448721370940942,1.8717168573152543,0.2251924144927683,0.6042872507498546,0.1670390730296864,0.24402759389154277
bioplanet_593_PI3K/AKT signalling,0.3838002421844943,0.16392386446872306,0.7803858286547634,0.477610742243151,3.121580161610968,0.7051806206677355,0.4821439266747592
bioplanet_711_Natural killer cell receptor signaling pathway,0.36447532158694806,,,,,,
bioplanet_51_T cell activation co-stimulatory signal,0.36564076163726883,0.7759918614728977,0.3414741673782496,1.1987413650252923,,1.412888150679335,
bioplanet_579_BARD1 signaling events,0.9584612537281455,0.20045144311898458,,1.248823592779685,0.3648889067423533,,
bioplanet_1660_Response to elevated platelet cytosolic calcium,0.45061677171983455,0.11909863289231287,0.7024383087043137,0.7777000631668882,,0.7389306471239062,
bioplanet_40_Inhibition of platelet activation by aspirin,0.6161817185048607,,,,0.955133612171764,,
bioplanet_421_FYVE-finger proteins in vesicle transport,0.41672913516171395,,,,,,
bioplanet_1017_Mitochondrial pathway of apoptosis: caspases,0.855441960553413,,,,,,
bioplanet_734_Nucleotide di- and triphosphate biosynthesis and interconversion,0.3532511074876338,0.19377441216849725,0.42453115008111664,0.13068576896310044,0.5618786606772713,0.8805155949457916,0.4396596036926835
bioplanet_829_Pyruvate metabolism and citric acid (TCA) cycle,0.3630837006573476,0.16997697032884349,1.2844110076510047,0.6637856056091366,0.3129868654739699,1.0919975583411539,0.01346376440049366
bioplanet_523_Signaling by Robo receptor,0.36471396108736903,,,,,,
bioplanet_663_CTLA4 inhibitory signaling,0.3981736294290921,,,0.735930401289922,,,
bioplanet_473_Leukocyte transendothelial migration,0.42615282224311307,,,0.4841939981382232,,0.17339152408442185,
bioplanet_894_Adaptive immune system,0.23798965836510397,,,,,0.3509657453377974,
bioplanet_1015_Mitochondrial pathway of apoptosis: multidomain Bcl-2 family,0.36470579073930187,,0.28723962773367384,0.11897884436985436,,,
bioplanet_362_Glycolysis and gluconeogenesis,0.36194057507750677,,0.5193936466523299,0.4353696697620723,1.4956432501059782,0.31367516190542244,0.6622913028465418
bioplanet_677_EGF receptor (ErbB1) signaling pathway,0.49511014715115825,,,,0.9627912798371336,0.18890876368038492,0.4835827618282378
bioplanet_115_Bioactive peptide-induced signaling pathway,0.12870503487195084,,,,,1.1457793231854962,
bioplanet_922_Platelet aggregation (plug formation),0.36991228751697913,,,,,,
bioplanet_1006_Apoptosis,0.39543563692448797,0.31730401627063204,0.16976254123318427,0.23639489244297873,,0.30365435921749984,0.32004752164396394
bioplanet_34_HIV-induced T cell apoptosis,,0.6748602379209776,1.718695029561664,2.046636023845378,0.7845047896386226,,
bioplanet_985_Influenza infection,,0.44688464118278665,,1.28836753790241,,0.991934381827594,1.5197213984668512
bioplanet_128_Interleukin-17 signaling pathway,,1.1489875754801322,1.1101275629697767,1.867848672961188,0.9632905399094779,2.498749269034984,
bioplanet_47_NO2-dependent IL-12 pathway in NK cells,,0.8464240249271774,0.7036112693376605,1.2514617680750202,,,
bioplanet_56_Tob role in T-cell activation,,0.9366970522299696,0.57986263092303,0.6444209583834767,,,
bioplanet_67_Stathmin and breast cancer resistance to antimicrotubule agents,,0.6648794716045474,1.312720383831483,0.362826004060319,,,
bioplanet_1377_CD8/T cell receptor downstream pathway,,0.42858811990447565,0.5353764944744853,0.38761861247644114,,,
bioplanet_1331_Interleukin-2/PI3K pathway,,1.1502201783007626,0.5797307874609303,0.44035225920540555,,,0.059555929554202656
bioplanet_816_Protein metabolism,,0.8698002059710307,,0.9396391154378958,,,
bioplanet_635_Interleukin-12-mediated signaling events,,1.3066545864570691,0.3008606384477549,0.9534322968528655,,,
bioplanet_538_T cell receptor signaling in naive CD4+ T cells,,1.0974962140813356,0.38224697943387675,0.5564243452138723,,,
bioplanet_539_T cell receptor signaling in naive CD8+ T cells,,0.09996718665226803,0.6676714574653926,0.827193397578534,,,
bioplanet_19_Caspase cascade in apoptosis,,0.49008044452992405,0.25557215129804073,0.2045237336979206,,0.28601744722025935,0.750292347784305
bioplanet_1243_Formyl peptide interaction with formyl peptide receptors,,2.9239587904379354,2.684441279180154,1.8284615316362787,0.41120764990226594,1.043054020819676,1.1098737640785967
bioplanet_258_RNA polymerase,,0.4031678702993258,0.7936408227964773,0.3011912535150678,,1.0341812796909506,
bioplanet_1128_RNA polymerase III abortive and retractive initiation,,0.2602886144673413,0.2786612915030904,0.5010478514904333,0.8848424384297077,0.42855063587066594,
bioplanet_880_Gap junction degradation,,0.08243509745254654,,,0.26254059021361076,0.24615681737635622,0.11107348425180776
bioplanet_325_Cells and molecules involved in local acute inflammatory response,,0.07072915392388954,0.8354290225165366,1.9980311357539309,,1.1470074499245253,1.3676065433131213
bioplanet_1153_Transcription factor regulation of microRNAs related to cardiac hypertrophy,,0.7228550867799018,,0.07272637795614315,0.8328663957538389,0.8614136379319819,1.2945369696802589
bioplanet_694_CD28-dependent PI3K/Akt signaling,,1.1267968087446045,,1.399972778318257,1.6378727462796046,,
bioplanet_469_Natural killer cell-mediated cytotoxicity,,0.5847786614589932,,0.8899032293878918,,,
bioplanet_1000_Platelet adhesion to exposed collagen,,0.6627550331838713,,1.0837096334146141,,,
bioplanet_1374_Ras family activation regulation,,0.770132168138453,,,,,
bioplanet_391_Fatty acid elongation in mitochondria,,0.4636186548058373,,1.1314519513796166,0.7331456769903489,0.571655927320494,0.34755996352308094
bioplanet_1637_RSK activation,,1.1151086573584315,,,1.3076494160530159,,1.0555785592343065
bioplanet_541_ADP signalling through P2Y purinoceptor 1,,0.13129136981240763,,,,,1.119155730140924
bioplanet_722_Calcineurin-dependent NFAT signaling role in lymphocytes,,0.14425384192215984,0.4877990163561194,0.4129103165819948,,1.0704826675445436,0.9928668366704052
bioplanet_1368_PIK3C1/AKT pathway,,0.3307156712041995,0.4866947913760404,0.3189687893772357,,,0.4460457558714702
bioplanet_1487_Basigin interactions,,0.09835020240352556,0.7826270275238616,0.9282289238851803,,,0.6996081937843197
bioplanet_101_Phospholipase C signaling pathway,,0.7741495719681115,1.7636987140860274,1.7375313053787578,,,
bioplanet_660_Death receptor signaling,,0.9764371240409412,0.7918613615748403,0.4963881471836239,0.8440335535350016,1.95142284199809,2.314990616970397
bioplanet_1253_Lysosphingolipid and lysophosphatidic acid (LPA) G-protein coupled receptors,,0.3760939161757813,,,,,
bioplanet_634_Interleukin-27-mediated signaling events,,0.28211024287297853,,,0.36644281549663144,0.5166593701216162,0.25739197264517105
bioplanet_1008_Apoptotic cleavage of cellular proteins,,0.40426160406993367,,,,,
bioplanet_1329_Rapid glucocorticoid receptor pathway,,0.40628121188769445,,,1.775491089466797,,1.06942949333884
bioplanet_1599_Activation of pro-caspase 8,,0.756253687737491,0.9522208273962486,,1.2112614185969732,1.340839578948841,2.8403467893648413
bioplanet_1484_Attachment of GPI anchor to uPAR,,0.7182257839593286,,,0.9251366267272277,1.3381342209650313,1.3199679291702544
bioplanet_1123_RNA polymerase III transcription termination,,0.5190323700102817,0.23664915126178931,0.4374450567633791,,0.9094078546103194,
bioplanet_1222_CREB phosphorylation,,0.3963977447086044,,,,,
bioplanet_24_Hypoxia and p53 in the cardiovascular system,,0.39657384835838955,,0.45803750548082967,1.3162790629389667,0.8935423512981155,0.556642934911704
bioplanet_956_Beta-oxidation of pristanoyl-CoA,,0.5293998791110444,,,1.2823824434919713,,
bioplanet_599_TGF-beta signaling in gastrointestinal stem cells,,0.7273432529482723,,,,,1.726728355607409
bioplanet_872_Alpha-linolenic (omega3) and linoleic (omega6) acid metabolism,,0.7483360034513648,,,0.440943693534193,,0.2765233955210767
bioplanet_698_Retrograde neurotrophin signaling,,0.31742110499857706,,,0.20833387304478188,0.39074936502806323,0.12575609329180404
bioplanet_1312_Myc active pathway,,0.5126265676663689,0.541225633445391,0.5400002660968025,,,
bioplanet_1349_ALK1 pathway,,1.1621282337187717,,,0.3490429238091905,1.0948597856139917,0.8727532699080072
bioplanet_570_Interleukin-7 signaling pathway,,,0.5503146947799675,0.8789628942310321,,,
bioplanet_650_CXCR4 signaling pathway,,,0.3308430476790316,0.5348517630982165,,0.26301912188827303,
"bioplanet_732_Nucleotide-binding domain, leucine rich repeat containing receptor (NLR) signaling pathways",,,0.48773415372382856,,,,
bioplanet_1341_Syndecan 4 pathway,,,1.113500298024728,,,0.5542778396248637,0.31585131108993436
bioplanet_104_Ras signaling pathway,,,0.5777784510970662,,,0.7134119847467002,
bioplanet_1264_Prostanoid ligand receptors,,,0.6807093505349247,,,,
bioplanet_470_T cell receptor signaling pathway,,,,0.23316906994903444,,,
bioplanet_443_Prion pathway,,,,1.3807605099531708,,,
bioplanet_1616_Other semaphorin interactions,,,,1.5579832077141058,,,
bioplanet_1301_Integrin family cell surface interactions,,,,1.3635349453555325,,,
bioplanet_55_Th1/Th2 differentiation pathway,,,,0.9571649518667074,,0.9890226724167316,0.37732693917582116
bioplanet_566_S6K1 signaling,,,,1.8273184900130894,2.350204033350776,2.525557791830901,2.4807391597378525
bioplanet_209_Dendritic cells in regulating TH1 and TH2 development,,,,0.3819499977177763,,,
bioplanet_549_BMP signaling and regulation,,,,1.107822361283679,0.8184183933813712,,
bioplanet_468_Hematopoietic cell lineage,,,,0.43877507955189926,,,
bioplanet_1348_E-cadherin keratinocyte pathway,,,,0.7179685497102786,0.3222234288446883,0.1355664042375697,1.4824911385063892
bioplanet_692_Thromboxane A2 receptor signaling,,,,0.42991025898936824,,0.2820241576684254,0.9349688467765309
bioplanet_1772_Serotonin HTR1 group and FOS pathway,,,,0.4183168120720127,,,
bioplanet_1676_Interleukin-1-beta (IL-1b) processing pathway,,,,,0.534608054659497,0.34087925549729997,0.6025761699381098
bioplanet_887_Interleukin-1 processing,,,,,1.1674700608556574,0.38771620561655373,0.9868536492605664
bioplanet_185_MSP/RON receptor signaling pathway,,,,,2.1625241906311707,2.0808944600645405,2.128755427446016
bioplanet_38_Proepithelin conversion to epithelin and wound repair control,,,,,2.9127618716870787,0.5059771913884804,0.4271957839524441
bioplanet_1757_Hypertrophy pathway,,,,,2.2019180026568086,1.9529946387995496,
bioplanet_839_Nicotinate metabolism,,,,,1.4328653787440178,1.5862495006059893,1.00930645967306
bioplanet_1061_Serotonin transporter activity,,,,,1.8188097970952517,2.6540296953216154,
bioplanet_1520_Dissolution of fibrin clot,,,,,1.1963434600575797,1.814580380168379,1.176200382537339
bioplanet_877_Chondroitin sulfate/dermatan sulfate degradation,,,,,0.8320978921669652,,
bioplanet_187_Visceral fat deposits and the metabolic syndrome,,,,,0.08771166974118198,0.3064672321219398,0.5384437723692521
bioplanet_968_Acyl chain remodeling of cardiolipin,,,,,1.5455480318701111,,1.1475883212647735
bioplanet_1427_Interleukin-6 regulation of target genes,,,,,0.2986836587796217,1.3820204590005802,2.708580137268729
bioplanet_332_Alternative complement pathway,,,,,0.9898584160954766,1.1032228751649382,0.585576923861141
bioplanet_658_Mammalian target of rapamycin complex 1 (mTORC1)-mediated signaling,,,,,1.9321517379542268,1.7988896317480219,
bioplanet_957_Beta-oxidation of very long chain fatty acids,,,,,0.6650409012881408,,0.2952684335475836
bioplanet_78_Beta-arrestins in GPCR desensitization,,,,,3.259930835823779,,1.0169182221194422
bioplanet_1739_Keap1-Nrf2 pathway,,,,,2.0991140254642056,1.4503741832956578,1.8517536622996433
bioplanet_815_Porphyrin metabolism,,,,,0.9472748489898529,0.7744820152517418,1.3760420892244545
bioplanet_161_Proteolysis and signaling pathway of Notch,,,,,0.7280632434604167,,0.5634964193466886
bioplanet_838_Hyaluronan metabolism,,,,,0.8545659120883622,,
bioplanet_1587_Methylation,,,,,0.3499674176038065,,2.0049948618117046
bioplanet_914_AKT phosphorylation of cytosolic targets,,,,,1.6613077138918129,,0.3702111184701927
bioplanet_1304_S1P/S1P3 pathway,,,,,2.718141828306784,0.5200769214950842,0.37915380963851647
bioplanet_79_Beta-arrestin-dependent recruitment of Src kinases in GPCR signaling,,,,,0.5644730221430349,2.3485535968737064,0.8800569365804719
bioplanet_430_Shuttle for transfer of acetyl groups from mitochondria to the cytosol,,,,,0.150403321391527,,0.2731029901887101
bioplanet_1419_Fibroblast growth factor 1,,,,,2.273704555003881,,
bioplanet_1439_ID regulation of gene expression,,,,,1.6961090569473154,2.3787643220810955,
bioplanet_537_Inhibitor of DNA binding (ID) signaling pathway,,,,,3.3100886710098094,1.0522464408991992,
bioplanet_684_SHC1 events in ERBB2 signaling,,,,,0.8442138231017418,,
bioplanet_363_Tricarboxylic acid (TCA) cycle,,,,,0.6860678693531262,,0.35248918390903256
bioplanet_672_Prolactin receptor signaling pathway,,,,,0.9564852527108131,0.108887884784745,0.7298524577783843
bioplanet_1166_Post-transcriptional silencing by small RNAs,,,,,1.5088187890818374,,
bioplanet_542_ADP signalling through P2Y purinoceptor 12,,,,,2.2933816901007527,1.9723396702786513,0.48883887600414305
bioplanet_373_Glyoxylate and dicarboxylate metabolism,,,,,1.0956178094852556,,
bioplanet_940_Methionine salvage pathway,,,,,0.4750682868266678,,0.4686798464171718
bioplanet_372_Pyruvate metabolism,,,,,1.0100622670641652,,
bioplanet_1743_Mitochondrial fatty acid beta-oxidation,,,,,0.30349881607747664,,
bioplanet_550_TOR signaling,,,,,1.3797729844011941,,0.04904470075066706
bioplanet_73_Splicing regulation through Sam68,,,,,1.537034354939176,,
bioplanet_1318_S1P/S1P1 pathway,,,,,0.2498579353433029,0.6072550388013735,0.4533980859501213
bioplanet_718_Plasma membrane estrogen receptor signaling,,,,,0.5208508551227594,,
bioplanet_915_AKT phosphorylation of nuclear targets,,,,,1.4408219298116387,,1.070486557347724
bioplanet_202_Lysosome,,,,,1.8989735738939095,0.4158302287292607,1.3682620472696874
bioplanet_439_Gamma-aminobutyric acid receptor life cycle,,,,,0.5539500355012761,1.0806345671000175,0.629838785730605
bioplanet_1515_Down syndrome cell adhesion molecule (DSCAM) interactions,,,,,1.2816933158880957,0.186921417778377,0.277527845126008
bioplanet_892_Activation of Rac,,,,,1.0238275905448804,0.29707356232541016,0.5259248616565494
bioplanet_925_IKK complex recruitment mediated by RIP1,,,,,1.1546386506292445,0.7579161819473765,0.9491947078062322
bioplanet_774_Pyrimidine biosynthesis,,,,,0.44990371963495573,,0.5357986160896333
bioplanet_1651_Cytoskeletal remodeling regulation and cell spreading by IPP complex components,,,,,1.2106763698430067,,1.1433868131034937
bioplanet_242_Polyadenylation of mRNA,,,,,0.9383794187605619,,
bioplanet_441_Deregulation of CDK5 in Alzheimer's disease,,,,,1.3710605402481484,,
bioplanet_962_PP2A-mediated dephosphorylation of key metabolic factors,,,,,1.1097879565958704,,
bioplanet_1647_Insulin secretion regulation by fatty acids bound to GPR40 (FFAR1),,,,,0.695437172908802,,
bioplanet_699_Sema3A-plexin repulsion signaling by inhibiting integrin adhesion,,,,,0.3932060665574005,0.47780804515007147,0.3722412698447403
bioplanet_882_Keratan sulfate degradation,,,,,0.6141878049304226,,
bioplanet_223_Lissencephaly gene (LIS1) in neuronal migration and development,,,,,0.32817996546431794,0.6308503633576488,0.13420043257564093
bioplanet_269_Non-homologous end-joining (NHEJ) pathway,,,,,0.4092527156316796,,
bioplanet_54_TACI and BCMA stimulation of B cell immune responses,,,,,1.1571047099648704,0.7275380659728778,0.8620608957590217
bioplanet_221_IGF-1 receptor and longevity,,,,,0.7854924872330316,1.1191294113655736,1.4449902769842564
bioplanet_1492_Botulinum neurotoxicity,,,,,0.19323841927049393,,0.22759280367857257
bioplanet_1181_Homologous DNA pairing and strand exchange,,,,,0.5014235877928515,,
bioplanet_695_DCC-mediated attractive signaling,,,,,0.46760550093671305,1.0093490966236431,0.4226962392662491
bioplanet_1267_Rheb GTPase activity by AMPK regulation,,,,,0.9439550431849025,,
bioplanet_812_Non-coding RNA metabolism,,,,,0.3412508190045724,,
bioplanet_1177_DNA-PK pathway in nonhomologous end joining,,,,,0.42075115252401935,,
bioplanet_789_Dermatan sulfate biosynthesis,,,,,1.0011232802744254,,
bioplanet_814_Polyamine metabolism,,,,,0.6377715230749316,,
bioplanet_1645_Gene expression regulation by hypoxia-inducible factor,,,,,1.5622750771210834,,
bioplanet_165_MAP kinase inactivation of SMRT corepressor,,,,,0.5271474972276845,0.25529333728905057,0.2211220748649725
bioplanet_222_Vitamin C in the brain,,,,,1.4580326748062415,,
bioplanet_552_FSH signaling pathway,,,,,1.3113689046838384,,
bioplanet_251_Telomerase RNA component gene hTERC transcriptional regulation,,,,,1.1938912737264067,,
bioplanet_1524_ER quality control compartment (ERQC),,,,,0.8319132652910367,,
bioplanet_533_Signaling to p38 via RIT and RIN,,,,,0.6204591138085931,,
bioplanet_120_Cytokines and inflammatory response,,,,,,2.1993217739461306,
bioplanet_1_Inhibition of matrix metalloproteinases,,,,,,2.1066228698253635,0.8033952146549957
bioplanet_57_ADP-ribosylation factor,,,,,,1.6120933356015408,0.29163464905046976
bioplanet_1344_Integrin beta-2 pathway,,,,,,0.7910146085655558,1.0442053331529442
bioplanet_1642_Recycling pathway of cell adhesion molecule L1,,,,,,0.36620041467897335,
bioplanet_308_Epithelial cell signaling in Helicobacter pylori infection,,,,,,0.408839510318716,0.12078840308487128
bioplanet_409_Glutathione metabolism,,,,,,0.8163287099161416,
bioplanet_601_Epstein-Barr virus LMP1 signaling,,,,,,1.7038274664573159,
bioplanet_609_N-cadherin signaling events,,,,,,0.33791985795909524,
bioplanet_465_NOD signaling pathway,,,,,,1.093754282317372,
bioplanet_264_SNARE interactions in vesicular transport,,,,,,0.2248312310038118,0.4318767269076577
bioplanet_1585_Membrane trafficking,,,,,,0.2587885298463966,0.5390098046446721
bioplanet_1552_Glutathione conjugation,,,,,,0.45734101248604936,
bioplanet_731_Urokinase-type plasminogen activator (uPA) and uPAR-mediated signaling,,,,,,0.43502901125323445,
bioplanet_905_Immune system,,,,,,0.34987987445680835,0.4762056582311249
bioplanet_506_Signal transduction by L1,,,,,,0.4291283601750248,
bioplanet_1231_ERK inactivation,,,,,,0.8627165824653302,0.3447058708945415
bioplanet_493_Signaling events mediated by PTP1B,,,,,,0.5297249905256562,
bioplanet_1451_TRAF6-mediated IRF7 activation,,,,,,0.4468413608040323,1.1342152000809655
bioplanet_727_Neurotrophic factor-mediated Trk receptor signaling,,,,,,1.4217226741383087,
"bioplanet_683_Platelet activation, signaling and aggregation",,,,,,1.306850388598949,
bioplanet_558_LKB1 signaling events,,,,,,0.16687569843663747,
bioplanet_1432_Leptin influence on immune response,,,,,,0.3584850416668802,0.4189292943439955
"bioplanet_1761_Complement activation, classical pathway",,,,,,,1.1515309351349785
bioplanet_826_Creatine metabolism,,,,,,,1.44699787537035
bioplanet_560_Tie2 signaling,,,,,,,0.3103512684998587
bioplanet_577_TRAIL signaling pathway,,,,,,,0.493171616638319
bioplanet_767_Eicosanoid biosynthesis,,,,,,,0.9888557534416891
bioplanet_1009_Apoptosis modulation by HSP70,,,,,,,0.5080428418258561
bioplanet_319_Prion diseases,,,,,,,0.5656330628637708
bioplanet_23_Rb tumor suppressor/checkpoint signaling in response to DNA damage,,,,,,,0.38479171859227346
bioplanet_1598_NF-kappaB activation through FADD/RIP-1 pathway,,,,,,,0.3955280268601762
bioplanet_247_PPAR-gamma coactivator role in obesity and thermogenesis,,,,,,,0.9694359476542924
bioplanet_467_Cytosolic DNA-sensing pathway,,,,,,,0.38019631157321027
bioplanet_466_RIG-I-like receptor signaling pathway,,,,,,,0.49824301968415596
bioplanet_1560_Notch receptor processing,,,,,,,0.943354667738923
bioplanet_1425_Interleukin-4 regulation of apoptosis,,,,,,,0.6172801441113427
bioplanet_766_Lagging strand processive biosynthesis,,,,,,,0.8023207049730726
bioplanet_60_Cdc25 and Chk1 regulatory pathway in response to DNA damage,,,,,,,0.8366287414109095
bioplanet_813_Nucleotide metabolism,,,,,,,0.2253173662813126
bioplanet_171_Chromatin remodeling by nuclear receptors to facilitate initiation of transcription in carcinoma cells,,,,,,,1.1832490278295693
